sku,sku_name,proveedor,owner,leadtime,fecha_arribo,cantidad_a_comprar,moq,precio_unitario,mes_arribo
BATH-MI60-BLA,Botiquín Con Espejo Para Baño Color Blanco 2 Puertas,INTL9OCX,Celia Russo,125,2025-10-30,69,0,26,10
BATH-MI60-LED,Espejo Led Baño Luz Led 50x60 rectangular,INTL9OCX,Celia Russo,125,2025-10-30,0,0,16,10
BATH-MI60-MAD,Botiquín Con Espejo Para Baño Color Blanco 2 Puertas,INTL9OCX,Celia Russo,125,2025-10-30,313,0,26,10
BATH-MI75-BLA,Botiquín Con Espejo Para Baño Color Blanco 3 Puertas,INTL9OCX,Celia Russo,125,2025-10-30,27,0,34,10
BATH-MI75-MAD,Botiquín Con Espejo Para Baño Color Blanco 3 Puertas,INTL9OCX,Celia Russo,125,2025-10-30,0,0,34,10
BATH-VA1-BLA,Mueble Gabinete Para Baño Con Ovalin y Monomando,INTL9OCX,Celia Russo,125,2025-10-30,52,0,50,10
BATH-VA1-MAD,Mueble Gabinete Para Baño Con Ovalin y Monomando,INTL9OCX,Celia Russo,125,2025-10-30,659,0,50,10
BBHSE-EVOL27-GRI,Silla de bebe periquera evolution,INTL5WA9,Celia Russo,100,2025-09-30,0,0,35,9
BBSTR-ADVAN-NEG,Carriola para bebe plegable advance,INTL5WA9,Celia Russo,100,2025-09-30,0,0,FALTA INFO,9
BBSTR-SELECT-AZU,Carriola para bebe plegable select one click,INTL5WA9,Celia Russo,100,2025-09-30,0,0,FALTA INFO,9
BBSTR-SELECT-GRI,Carriola para bebe plegable select one click,INTL5WA9,Celia Russo,100,2025-09-30,0,0,FALTA INFO,9
BBSTR-SMART-AZU,Carriola para bebe plegable smart,INTL5WA9,Celia Russo,100,2025-09-30,0,0,FALTA INFO,9
BBSTR-SMART-BEI,Carriola para bebe plegable smart,INTL5WA9,Celia Russo,100,2025-09-30,0,0,FALTA INFO,9
BBSTR-SMART-ROS,Carriola para bebe plegable smart,INTL5WA9,Celia Russo,100,2025-09-30,0,0,18,9
BBSTR-TOURIN-CAQ,Cariola para bebe para viaje touring,INTL5WA9,Celia Russo,100,2025-09-30,0,0,FALTA INFO,9
BBSTR-TOURIN-GRI,Cariola para bebe para viaje touring,INTL5WA9,Celia Russo,100,2025-09-30,0,0,FALTA INFO,9
BEDCOU1-BLA,Base Cama Matrimonial Con Cajones Compartimientos KingsHouse,INTLBRJ7XM,Celia Russo,90,2025-09-30,0,0,72,9
BEDCOU1-MAD,Base Cama Matrimonial Con Cajones Compartimientos KingsHouse,INTLBRJ7XM,Celia Russo,90,2025-09-30,0,0,72,9
BEDCOU2-BLA,Base Cama Matrimonial Abatible Blanca KingsHouse Desmontable,INTLBRJ7XM,Celia Russo,90,2025-09-30,0,0,84,9
BEDCR-BLA,Cuna 3 En 1 Con Cajones Blanca Moderna Nordica Kingshouse,INTLBRJ7XM,Celia Russo,90,2025-09-30,0,0,68,9
BED-FLEX-IND,Cama con resplado individual flex,INTL8AEL,Celia Russo,125,2025-10-30,42,0,66,10
BED-FLEX-MAT,Cama con resplado matrimonial flex,INTL8AEL,Celia Russo,125,2025-10-30,42,0,69,10
BED-MODAL-IND,Cama con resplado individual modal,INTL8AEL,Celia Russo,125,2025-10-30,42,0,54,10
BED-MODAL-MAT,Cama con resplado matrimonial modal,INTL8AEL,Celia Russo,125,2025-10-30,42,0,58,10
BED-PLEGA-IND,Cama abatible con respaldo individual plega,INTL8AEL,Celia Russo,125,2025-10-30,42,0,65,10
BED-PLEGA-MAT,Cama abatible con respaldo matrimonial plega,INTL8AEL,Celia Russo,125,2025-10-30,42,0,77,10
BEDRM3-BLA,Juego de dormitorio ropero comoda y buro,INTLBRGXE1,Celia Russo,100,2025-09-30,0,0,FALTA INFO,9
BEDRM3-CHO,Juego de dormitorio ropero comoda y buro,INTLBRGXE1,Celia Russo,100,2025-09-30,53,0,FALTA INFO,9
BEDRM3-NOG,Juego de dormitorio ropero comoda y buro,INTLBRGXE1,Celia Russo,100,2025-09-30,53,0,FALTA INFO,9
BEDSIN1-BLA,Base Cama Individual Abatible Blanca KingsHouse Desmontable,INTLBRJ7XM,Celia Russo,90,2025-09-30,0,0,66,9
BEDSIN2-BLA,Base Cama Individual Con Cajones KingsHouse Recamara,INTLBRJ7XM,Celia Russo,90,2025-09-30,0,0,65,9
BEDSIN2-MAD,Base Cama Individual Con Cajones KingsHouse Recamara,INTLBRJ7XM,Celia Russo,90,2025-09-30,0,0,65,9
BEDSIN3-BLA,Cama Individual Resbaladilla Tobogán Mini Loft KingsHouse,INTLBRJ7XM,Celia Russo,90,2025-09-30,0,0,70,9
BEDSIN3-MAD,Cama Individual Resbaladilla Tobogán Mini Loft KingsHouse,INTLBRJ7XM,Celia Russo,90,2025-09-30,0,0,70,9
BEDSIN4-BLA,Cama Individual Con Escritorio Multifuncional,INTLBRJ7XM,Celia Russo,90,2025-09-30,0,0,84,9
BEDSIN4-MAD,Cama Individual Escritorio Cajones Litera Base KingsHouse,INTLBRJ7XM,Celia Russo,90,2025-09-30,0,0,84,9
BEDTW1-MAD,Litera Doble Individual Base Cama Con Estante KingsHouse,INTLBRJ7XM,Celia Russo,90,2025-09-30,0,0,89,9
BEDTW2-BLA,Litera Doble Individual Base Cama KingsHouse Desmontable,INTLBRJ7XM,Celia Russo,90,2025-09-30,0,0,67,9
BEDTW2-MAD,Litera Doble Individual Base Cama KingsHouse Desmontable,INTLBRJ7XM,Celia Russo,90,2025-09-30,0,0,67,9
BIFIPRO-10,Bicicleta Fija 10 kg Estática Para Spinning Cardio Fitness,INTLZKCM,Vanina Paolillo,100,2025-09-30,0,0,56,9
BIFIPRO-13,Bicicleta Fija 13 kg Estática Para Spinning Cardio Fitness,INTLO1JC,Vanina Paolillo,125,2025-10-30,49,0,59,10
BIFIPRO-15,Bicicleta Fija Para Spinning 15kg Estática Cardio Ejercicio,INTLO1JC,Vanina Paolillo,125,2025-10-30,0,0,65,10
BIFIPRO-18,Bicicleta Fija 18 kg Estática Para Spinning Cardio Fitness,INTLO1JC,Vanina Paolillo,125,2025-10-30,0,0,72,10
BIFIPRO-20,Bicicleta Fija De Spinning 20 kg Estática Cardio Profesional,INTL1WAF,Vanina Paolillo,100,2025-09-30,0,0,78,9
BIFIPRO-8,Bicicleta Fija 8 Kg Spinning Cardio Fitness Kingsports,INTLO1JC,Vanina Paolillo,125,2025-10-30,208,0,46,10
BIFISPIN-1,Bicicleta Fija Para Spinning Cardio Fitness Kingsports,INTL1WAF,Vanina Paolillo,100,2025-09-30,0,0,25,9
BIFISPIN-6,Bicicleta Fija Negra KINGBIFI6 KINGSPORTS,INTL1WAF,Vanina Paolillo,100,2025-09-30,0,0,38,9
DNG-GLAZI6-GRI,Juego De Comedor Mesa Con 6 Sillas Glazia,INTL8AEL,Celia Russo,125,2025-10-30,84,0,FALTA INFO,10
DNG-GLAZI6-MAR,Juego De Comedor Mesa Con 6 Sillas Glazia,INTL8AEL,Celia Russo,125,2025-10-30,63,0,FALTA INFO,10
DNG-LIZO4-GRI,Juego De Comedor Mesa Con 4 Sillas Lizo,INTL8AEL,Celia Russo,125,2025-10-30,42,0,70,10
DNG-LIZO4-GRO,Juego De Comedor Mesa Con 4 Sillas Lizo,INTL8AEL,Celia Russo,125,2025-10-30,63,0,70,10
DNG-LUMI4-BLA,Juego De Comedor Mesa Con 4 Sillas Lumia,INTL8AEL,Celia Russo,125,2025-10-30,99,0,40,10
DNG-LUMI4-NEG,Juego De Comedor Mesa Con 4 Sillas Lumia,INTL8AEL,Celia Russo,125,2025-10-30,99,0,40,10
DNG-MINE4-BEI,Juego De Comedor Mesa Con 4 Sillas Piedra Sintetica Mineral,INTL8AEL,Celia Russo,125,2025-10-30,132,0,66,10
DNG-MINE4-GRI,Juego De Comedor Mesa Con 4 Sillas Piedra Sintetica Mineral,INTL8AEL,Celia Russo,125,2025-10-30,132,0,66,10
DNG-TAPIZ4-AQU,Juego De Comedor Mesa Con 4 Sillas Tapizadas Tapia Caja 3,INTL8AEL,Celia Russo,125,2025-10-30,36,0,FALTA INFO,10
DNG-TAPIZ4-BEI,Juego De Comedor Mesa Con 4 Sillas Tapizadas Tapia Caja 3,INTL8AEL,Celia Russo,125,2025-10-30,0,0,FALTA INFO,10
DNG-TAPIZ4-GRI,Juego De Comedor Mesa Con 4 Sillas Tapizadas Tapia Caja 3,INTL8AEL,Celia Russo,125,2025-10-30,0,0,FALTA INFO,10
BUR-ARENA1-BLA,Comoda Buro Aparador De Metal Puerta PC Arena,INTLQMMC,Flor Coronel,90,2025-09-30,2,0,FALTA INFO,9
BUR-ARENA1-NEG,Comoda Buro Aparador De Metal Puerta PC Arena,INTLQMMC,Flor Coronel,90,2025-09-30,135,0,FALTA INFO,9
BUR-ARENA2-BLA,Comoda Buro Aparador De Metal Puertas PC Arena,INTLQMMC,Flor Coronel,90,2025-09-30,4,0,FALTA INFO,9
BUR-ARENA2-NEG,Comoda Buro Aparador De Metal Puertas PC Arena,INTLQMMC,Flor Coronel,90,2025-09-30,2,0,FALTA INFO,9
BUR-ARENA3-BLA,Comoda Buro Aparador De Metal Con Malla Arena,INTLQMMC,Flor Coronel,90,2025-09-30,2,0,FALTA INFO,9
BUR-ARENA3-NEG,Comoda Buro Aparador De Metal Con Malla Arena,INTLQMMC,Flor Coronel,90,2025-09-30,4,0,FALTA INFO,9
BUR-ARIA1-BLA,Buro De Metal Aria,INTLQMMC,Flor Coronel,90,2025-09-30,195,0,FALTA INFO,9
BUR-ARIA1-NEG,Buro De Metal Aria,INTLQMMC,Flor Coronel,90,2025-09-30,33,0,FALTA INFO,9
BUR-ARIA2-BLA,Comoda Buro De Metal Aria,INTLQMMC,Flor Coronel,90,2025-09-30,139,0,FALTA INFO,9
BUR-ARIA2-NEG,Comoda Buro De Metal Aria,INTLQMMC,Flor Coronel,90,2025-09-30,12,0,FALTA INFO,9
BUR-CLARA1-MAD,Comoda buro con 2 puertas chico clara,INTLH5Q5,Celia Russo,125,2025-10-30,83,0,16,10
BUR-CLARA2-MAD,Comoda buro con 2 puertas mediano clara,INTLH5Q5,Celia Russo,125,2025-10-30,83,0,24,10
BUR-CLARA3-MAD,Comoda buro con 3 puertas grande clara,INTLH5Q5,Celia Russo,125,2025-10-30,83,0,29,10
BUR-MAPLE1-MAD,Comoda buro con 2 puertas chico maple,INTLH5Q5,Celia Russo,125,2025-10-30,83,0,24,10
BUR-MAPLE2-MAD,Comoda buro con 2 puertas mediano maple,INTLH5Q5,Celia Russo,125,2025-10-30,83,0,34,10
BUR-MAPLE3-MAD,Comoda buro con 2 puertas grande maple,INTLH5Q5,Celia Russo,125,2025-10-30,83,0,58,10
CENEOX2,Caminadora Electrica Plegable Color Negro Kingsports,INTLO1JC,Vanina Paolillo,125,2025-10-30,416,0,86,10
CENEOX3,Caminadora Electrica Plegable Color Negro Kingsports,INTLO1JC,Vanina Paolillo,125,2025-10-30,180,0,98,10
CENEVO1,Caminadora Electrica Portatil 110V Color Gris Cardio Fitness,INTLZKCM,Vanina Paolillo,100,2025-09-30,226,0,59,9
CENEVO4,Caminadora Electrica Plegable KingSports,INTLZKCM,Vanina Paolillo,100,2025-09-30,278,0,65,9
CENEX3,Caminadora Electrica Nex 3 HP,INTLO1JC,Vanina Paolillo,125,2025-10-30,41,0,FALTA INFO,10
CENEX45,Caminadorra Electrica Nex 4.5 HP,INTLZKCM,Vanina Paolillo,100,2025-09-30,156,0,214,9
CENUVA5,Caminadora Electrica Monitor KingSports,INTLZKCM,Vanina Paolillo,100,2025-09-30,0,0,85,9
CHEST-L5H-BEI,Comoda Cajonera de 5 Cajones Mueble Organizador Tela Madera ,INTLI5B7,Celia Russo,125,2025-10-30,0,0,20,10
CHEST-L5H-GRI,Comoda Cajonera de 5 Cajones Mueble Organizador Tela Madera ,INTLI5B7,Celia Russo,125,2025-10-30,0,0,20,10
CHEST-L5V-GRI,Comoda Cajonera 5 Cajones Mueble Organizador de Tela Madera ,INTLI5B7,Celia Russo,125,2025-10-30,0,0,20,10
CHEST-M3-BEI,Comoda Cajonera de 3 Cajones Mueble Organizador Tela Madera ,INTLI5B7,Celia Russo,125,2025-10-30,0,0,12,10
CHEST-M3-GRI,0,INTLI5B7,Celia Russo,125,2025-10-30,0,0,12,10
CHEST-M4-BEI,0,INTLI5B7,Celia Russo,125,2025-10-30,0,0,14,10
CHEST-M4-GRI,Comoda Cajonera de 4 Cajones Mueble Organizador Tela Madera ,INTLI5B7,Celia Russo,125,2025-10-30,0,0,14,10
CONT-HERMET5,Juego de Contenedores Hermeticos Recipiente de Vidrio 5pzas,INTLC7SY,Celia Russo,90,2025-09-30,243,0,5,9
COOKDOM16-NEG,BATERIAS DE COCINA 16PZ,INTL6EJ4,Celia Russo,100,2025-09-30,0,0,14,9
COOKDOM16-ROJ,BATERIAS DE COCINA 16PZ,INTL6EJ4,Celia Russo,100,2025-09-30,0,0,14,9
COOKGRA10-MAR,#N/A,INTL6EJ4,Celia Russo,100,2025-09-30,319,0,FALTA INFO,9
COOKGRA10-NEG,#N/A,INTL6EJ4,Celia Russo,100,2025-09-30,319,0,11,9
COOKGRA10-ROJ,#N/A,INTL6EJ4,Celia Russo,100,2025-09-30,319,0,FALTA INFO,9
COOKSUP10-MUL,#N/A,INTL6EJ4,Celia Russo,100,2025-09-30,319,0,FALTA INFO,9
COOKSUP10-NEG,#N/A,INTL6EJ4,Celia Russo,100,2025-09-30,319,0,FALTA INFO,9
COOKSUP10-ROJ,#N/A,INTL6EJ4,Celia Russo,100,2025-09-30,319,0,FALTA INFO,9
COOKTRA10-NEG,#N/A,INTL6EJ4,Celia Russo,100,2025-09-30,164,0,11,9
COOKTRA10-ROJ,#N/A,INTL6EJ4,Celia Russo,100,2025-09-30,164,0,FALTA INFO,9
COOKTRI11-CAF,Bateria De Cocina 11Pzas Acero Inoxidable Tricapa Colorhome,INTLXLVO,Celia Russo,150,2025-11-30,0,0,22,11
COOKTRI11-MET,Bateria De Cocina 11Pzas Acero Inoxidable Tricapa Induccion,INTLXLVO,Celia Russo,150,2025-11-30,0,0,22,11
COOKTRI12-MET,Bateria De Cocina 12 Piezas Acero Inox Triple Capa Induccion,INTLXLVO,Celia Russo,150,2025-11-30,0,0,19,11
COOKTRI7-GRI,Bateria De Cocina 7 Pzas Acero Inoxidable Tricapa Colorhome,INTLXLVO,Celia Russo,150,2025-11-30,0,0,12,11
COOKTRI7-NEG,Bateria De Cocina 7 Pzas Acero Inox Tricapa Negro Colorhome,INTLXLVO,Celia Russo,150,2025-11-30,0,0,11,11
DESK-ARIA2-BLA,Escritorio De Metal Aria,INTLQMMC,Flor Coronel,90,2025-09-30,131,0,FALTA INFO,9
DESK-ARIA2-NEG,Escritorio De Metal Aria,INTLQMMC,Flor Coronel,90,2025-09-30,141,0,FALTA INFO,9
DESK-GMG-NEG,Mesa Escritorio Gamer Mueble Juvenil De Computadora Moderno,INTLBRBMOZ,Celia Russo,125,2025-10-30,0,0,22,10
DNG-GLAZI6-NEG,-,INTL8AEL,Celia Russo,125,2025-10-30,0,0,76,10
DNGLEX4-GRI,Juego De Comedor Mesa Con 4 Sillas Lexus 2 Cajas,INTL8AEL,Celia Russo,125,2025-10-30,145,0,FALTA INFO,10
DNGLEX4-MAR,Juego De Comedor Mesa Con 4 Sillas Lexus 2 Cajas,INTL8AEL,Celia Russo,125,2025-10-30,0,0,FALTA INFO,10
DNGLEX4-NEG,Juego De Comedor Mesa Con 4 Sillas Lexus 2 Cajas,INTL8AEL,Celia Russo,125,2025-10-30,0,0,FALTA INFO,10
DNGLUNA6-GRI,Juego De Comedor Luna Mesa Con 6 Sillas 3 Cajas,INTL8AEL,Celia Russo,125,2025-10-30,0,0,FALTA INFO,10
DNGLUNA6-NEG,Juego De Comedor Luna Mesa Con 6 Sillas 3 Cajas,INTL8AEL,Celia Russo,125,2025-10-30,0,0,FALTA INFO,10
DNG-ROBLE1-BEI,Comedor de 4 Sillas Mesa Madera Cocina Restaurante Cafeteria,INTLQRRN,Celia Russo,150,2025-11-30,217,0,32,11
DNG-ROBLE1-MAR,Comedor de 4 Sillas Mesa Madera Cocina Restaurante Cafeteria,INTLQRRN,Celia Russo,150,2025-11-30,0,0,32,11
DNG-ROBLE2-BEI,Sillas De Comedor y Mesa Metal Cocina Cafeteria Restaurante,INTLQRRN,Celia Russo,150,2025-11-30,69,0,37,11
DNG-ROBLE2-BEN,Sillas De Comedor y Mesa Metal Cocina Cafeteria Restaurante,INTLQRRN,Celia Russo,150,2025-11-30,69,0,37,11
DNG-SALVIA1-BEG,Sillas Juego De Comedor Con Mesa Cocina Cafeteria 4 Personas,INTLQRRN,Celia Russo,150,2025-11-30,141,0,54,11
DNG-SALVIA1-BEM,Sillas Juego De Comedor Con Mesa Cocina Cafeteria 4 Personas,INTLQRRN,Celia Russo,150,2025-11-30,0,0,54,11
DNG-SUNSET5-BEI,Juego De Comedor Mesa Con 5 Sillas Sunset,INTL8AEL,Celia Russo,125,2025-10-30,37,0,160,10
DNG-SUNSET5-VER,Juego De Comedor Mesa Con 5 Sillas Sunset,INTL8AEL,Celia Russo,125,2025-10-30,37,0,160,10
DNGVITA6-BEI,Juego De Comedor Vita Mesa Con 6 Sillas 3 Cajas,INTL8AEL,Celia Russo,125,2025-10-30,78,0,FALTA INFO,10
DNGVITA6-GRI,Juego De Comedor Vita Mesa Con 6 Sillas 3 Cajas,INTL8AEL,Celia Russo,125,2025-10-30,29,0,FALTA INFO,10
DRES-ARIA-BLA,Ropero Closet De Metal Aria,INTLQMMC,Flor Coronel,90,2025-09-30,68,0,FALTA INFO,9
DRES-ARIA-NEG,Ropero Closet De Metal Aria,INTLQMMC,Flor Coronel,90,2025-09-30,35,0,FALTA INFO,9
DRESMULTI2-BLA,Mueble Armario Closet Multiuso 2 Puertas + Estantes Mdp Casa,INTLBRGXE1,Celia Russo,100,2025-09-30,127,0,30,9
DRESMULTI2-CAF,Mueble Armario Closet Multiuso 2 Puertas + Estantes Mdp Casa,INTLBRGXE1,Celia Russo,100,2025-09-30,96,0,23,9
DRESMULTI2-CHO,Mueble Armario Closet Multiuso 2 Puertas + Estantes Mdp Casa,INTLBRGXE1,Celia Russo,100,2025-09-30,171,0,23,9
DRESMULTI2-NOG,Mueble Armario Closet Multiuso 2 Puertas + Estantes Mdp Casa,INTLBRGXE1,Celia Russo,100,2025-09-30,107,0,30,9
DRESMULTI3-CAF,Ropero Closet Armario Mueble Moderno 3 Puertas 2cajones Casa,INTLBRGXE1,Celia Russo,100,2025-09-30,121,0,44,9
DRESMULTI3-NOG,Ropero Closet Moderno 3 Puertas Blanco y Cafe Recamara Hogar,INTLBRGXE1,Celia Russo,100,2025-09-30,79,0,37,9
DRESMULTI4-BLA,Ropero Guardaropa Armario Moderno Con 4 Puertas Y 2 Cajones,INTLBRGXE1,Celia Russo,100,2025-09-30,141,0,56,9
DRESMULTI4-CAO,Ropero Guardaropa Armario Moderno Con 4 Puertas Y 2 Cajones,INTLBRGXE1,Celia Russo,100,2025-09-30,45,0,56,9
DRESMULTI6-BLA,Ropero 6 Puertas 2 Cajones Placard Viena Blanco Branco-Branco 22,INTLBRGXE1,Celia Russo,100,2025-09-30,165,0,74,9
DRESMULTI6-CAF,Ropero Closet Moderno 6 Puertas 2 Cajones Placard New Roma Color,INTLBRGXE1,Celia Russo,100,2025-09-30,77,0,70,9
ETRAIL-6B,Bicicleta Electrica Con Batería De 350W ETRAIL R29 Neon,INTLGM22,Vanina Paolillo,110,2025-10-30,0,0,216,10
ETRAIL-6G,Bicicleta Electrica Con Batería De 350W ETRAIL R29 Neon,INTLGM22,Vanina Paolillo,110,2025-10-30,0,0,216,10
ETRAIL-8G,Bicicleta Electrica Con Batería De 250W ETRAIL R27.5 Neon,INTLGM22,Vanina Paolillo,110,2025-10-30,0,0,216,10
ETRAIL-8L,Bicicleta Electrica Con Batería De 250W ETRAIL R27.5 Neon,INTLGM22,Vanina Paolillo,110,2025-10-30,0,0,216,10
ETRAIL-8O,Bicicleta Electrica Con Batería De 250W ETRAIL R27.5 Neon,INTLGM22,Vanina Paolillo,110,2025-10-30,0,0,216,10
ETRAIL-9B,Bicicleta Electrica Con Batería De 350W ETRAIL R27.5 Neon,INTLGM22,Vanina Paolillo,110,2025-10-30,0,0,229,10
EX-1B,"Bicicleta Eléctrica Con Canastilla Delantera, Bocina, Luz y Seña",INTLGM22,Vanina Paolillo,110,2025-10-30,364,0,158,10
EX-1BNW,"Bicicleta Eléctrica Con Canastilla Delantera, Bocina, Luz y Seña",INTLGM22,Vanina Paolillo,110,2025-10-30,426,0,158,10
EX-1GR,Bicicleta Eléctrica Con Canastilla Delantera Bocina Luz y Señale,INTLGM22,Vanina Paolillo,110,2025-10-30,244,0,FALTA INFO,10
FRG140,Refrigerador dos puertas 140 Litros,INTLZ708,Fer,110,2025-10-30,0,0,FALTA INFO,10
GAS-GEN2000,Generador A Gasolina Inverter 2000W Closed Frame,INTLZ708,Fer,110,2025-10-30,49,0,FALTA INFO,10
GAS-GEN3000,Generador A Gasolina Inverter 3000W Open Frame,INTLZ708,Fer,110,2025-10-30,82,0,FALTA INFO,10
GAS-GEN3500,Generador A Gasolina Inverter 3500W Closed Frame,INTLZ708,Fer,110,2025-10-30,41,0,FALTA INFO,10
GDSGREEN6-GRI,Juego De Jardin 6 Piezas Sillas Exterior Mesa Con Sombrilla,INTL8AEL,Celia Russo,125,2025-10-30,0,0,51,10
GDSGREEN6-GRO,Juego De Jardin 6 Piezas Sillas Exterior Mesa Con Sombrilla,INTL8AEL,Celia Russo,125,2025-10-30,36,0,51,10
H1PLVOLTI,Refrigerador 4 Pies/121 Litros Con Congelador 1 Puerta 115V,INTLRCC5,Fer,110,2025-10-30,84,0,66,10
H1PMVOLTB,Refrigerador 3 Pies/90 Litros Con Congelador 1 Puerta 115V,INTLRCC5,Fer,110,2025-10-30,0,0,57,10
H1PMVOLTI,Refrigerador 3 Pies/90 Litros Con Congelador 1 Puerta 115V,INTLRCC5,Fer,110,2025-10-30,84,0,58,10
H1PSVOLTB,Refrigerador 1.6 Pies/47 Litros Con Congelador 1 Puerta 115V,INTLRCC5,Fer,110,2025-10-30,0,0,39,10
H1PSVOLTI,Refrigerador 1.6 Pies/47 Litros Con Congelador 1 Puerta 115V,INTLRCC5,Fer,110,2025-10-30,0,0,40,10
H2PXLVOLTI,Refrigerador 3 Pies/85 Litros LED Con Freezer 2 Puertas 115V,INTLRCC5,Fer,110,2025-10-30,126,0,67,10
HIDRO-GAS2600,Hidrolavadora A Gasolina 6.5HP 2600 PSI,INTLZ708,Fer,110,2025-10-30,82,0,FALTA INFO,10
HIDRO-GAS3200,Hidrolavadora A Gasolina 7HP 3200 PSI,INTLZ708,Fer,110,2025-10-30,82,0,FALTA INFO,10
JAR-MASON4,Dispensador De Líquidos Jar Cristal Con Tapa Metal 4 Litros,INTLC7SY,Celia Russo,90,2025-09-30,558,0,2,9
JAR-MASON5-MET,Dispensador Bebidas 5 Litros Mason Jar Vitrolero Base Metal,INTLC7SY,Celia Russo,90,2025-09-30,703,0,4,9
JAR-MASON8-2,Juego De Dispensadores Bebidas 4 Litros Mason Jar Base Metal,INTLC7SY,Celia Russo,90,2025-09-30,710,0,6,9
JAR-MASON8-BAM,Dispensador Bebidas 8 Litros Mason Jar Vitrolero Agua Bambu,INTLC7SY,Celia Russo,90,2025-09-30,"1,077",0,6,9
JAR-MASON8-MET,Dispensador Bebidas 8 Litros Mason Jar Vitrolero Base Metal,INTLC7SY,Celia Russo,90,2025-09-30,"2,154",0,5,9
LIV-GARDEN4-MAR,Sala Rattan Para Exterior Jardin Mimbre Marron Cojines Beige,INTL8AEL,Celia Russo,125,2025-10-30,0,0,61,10
LIV-GARDEN4-NEG,Sala para Exteriores Jardin de Mimbre Negro Cojines Beige,INTL8AEL,Celia Russo,125,2025-10-30,0,0,68,10
LIVGREEN4-MAR,Sala Exterior Para Jardín Textil 4 Pzas,INTL8AEL,Celia Russo,125,2025-10-30,64,0,54,10
LIVGREEN4-NEG,Sala Exterior Para Jardín Textil 4 Pzas,INTL8AEL,Celia Russo,125,2025-10-30,0,0,54,10
LIV-SILVER4-GRI,Sala para exterior silver,INTL8AEL,Celia Russo,125,2025-10-30,183,0,FALTA INFO,10
LIV-SUMMER4-NEG,Sala para exterior con almohadones summer,INTL8AEL,Celia Russo,125,2025-10-30,0,0,FALTA INFO,10
LIV-SUNNY4-GRI,Sala para exterior sunny,INTL8AEL,Celia Russo,125,2025-10-30,49,0,FALTA INFO,10
LIV-SUNSET4-BEI,Sala para exterior con almohadones sunsent,INTL8AEL,Celia Russo,125,2025-10-30,4,0,FALTA INFO,10
LIV-SUNSET4-VER,Sala para exterior con almohadones sunsent,INTL8AEL,Celia Russo,125,2025-10-30,37,0,FALTA INFO,10
LIV-SUNSET5-BEI,Sala para exterior con almohadones sunsent,INTL8AEL,Celia Russo,125,2025-10-30,0,0,FALTA INFO,10
LIV-SUNSET5-VER,Sala para exterior con almohadones sunsent,INTL8AEL,Celia Russo,125,2025-10-30,18,0,FALTA INFO,10
LIV-SUNSH4-NEG,Sala para exterior sunshine,INTL8AEL,Celia Russo,125,2025-10-30,0,0,FALTA INFO,10
LIV-TERRA4-MAR,Sala para exterior terra,INTL8AEL,Celia Russo,125,2025-10-30,49,0,FALTA INFO,10
OPAL12-BLA,Juego de Vajilla Opal Redonda 12 Piezas CHOPAL12R ColorHome,INTLQSHQ,Celia Russo,150,2025-11-30,0,0,4,11
OPAL12SQ-BLA,Juego de Vajilla Opal Cuadrada 12 Piezas CHOPAL12S ColorHome,INTLQSHQ,Celia Russo,150,2025-11-30,0,0,4,11
OPAL16-BLA,Juego De Vajilla Opal 16 Pz Redonda,INTLQSHQ,Celia Russo,150,2025-11-30,901,0,5,11
OPAL16SQ-BLA,Juego De Vajilla Opal 16 Pz Cuadrada,INTLQSHQ,Celia Russo,150,2025-11-30,901,0,6,11
OPAL25-BLA,Juego De Vajilla Opal 25 Pz Redonda,INTLQSHQ,Celia Russo,150,2025-11-30,360,0,9,11
OPAL31-BLA,Juego De Vajilla Opal 31 Pz Redonda,INTLQSHQ,Celia Russo,150,2025-11-30,746,0,12,11
PRESSBE-1,Estacion Dominadas Banco Ejercicio Musculacion Fitness Gym,INTL1WAF,Vanina Paolillo,100,2025-09-30,0,0,58,9
PRESSBE-2,Banco Multiposiciones Para Hacer Ejercicio Pesas Hogar Gym,INTL1WAF,Vanina Paolillo,100,2025-09-30,481,0,38,9
PRESSBE-5,Banco Para Pesas Plegable Inclinado Entrenamiento Fitnness,INTL1WAF,Vanina Paolillo,100,2025-09-30,7,0,26,9
PRESSBE-4,Ejercitador Vertical Ejercicio Abdomen Cardio Interior Hogar,INTL1WAF,Vanina Paolillo,100,2025-09-30,385,0,26,9
PRESSBE-6,Ejercitador Aparato Banco Multifuncional Abdomen Brazos 6en1,INTL1WAF,Vanina Paolillo,100,2025-09-30,0,0,22,9
SH3-BLA,Mueble Zapatero Con 3 Cajones Mediano,INTLBRBMOZ,Celia Russo,125,2025-10-30,115,0,16,10
SH4-BLA,Mueble Zapatero Con 4 Cajones Mediano,INTLBRBMOZ,Celia Russo,125,2025-10-30,11,0,23,10
SHED-1-NEG,Cobertizo de metal aire libre techo 1 caida,INTLBRBMOZ,Flor Coronel,125,2025-10-30,37,0,FALTA INFO,10
SHED-2-NEG,Cobertizo de metal aire libre techo 2 caida,INTLBRBMOZ,Flor Coronel,125,2025-10-30,521,0,FALTA INFO,10
SHMTN1-NEG,Mueble Zapatero Con 3 Cajones Mediano Montana,INTLBRBMOZ,Celia Russo,125,2025-10-30,35,0,19,10
SHMTN2-MAD,Mueble Zapatero Con 3 Cajones Mediano Montana,INTLBRBMOZ,Celia Russo,125,2025-10-30,0,0,21,10
SHMTN3-MAD,Mueble Zapatero Banco Con 1 Compartimiento Chico Montana,INTLBRBMOZ,Celia Russo,125,2025-10-30,228,0,16,10
SHMTN4-MAD,Mueble Zapatero Banco Con 2 Compartimientos Chico Montana,INTLBRBMOZ,Celia Russo,125,2025-10-30,39,0,19,10
SH18-BLA,Mueble Zapatero Zapatera Organizador Madera 18 Pares Hogar,INTLBRBMOZ,Celia Russo,125,2025-10-30,0,0,23,10
SH18-MAD,Mueble Zapatero Zapatera Organizador Madera 18 Pares Hogar,INTLBRBMOZ,Celia Russo,125,2025-10-30,0,0,23,10
SH18-NEG,Mueble Zapatero Zapatera Organizador Madera 18 Pares Hogar,INTLBRBMOZ,Celia Russo,125,2025-10-30,0,0,23,10
SOB-CINEMA3-GRI,Sofa cama cinema,INTL8AEL,Celia Russo,125,2025-10-30,24,0,FALTA INFO,10
SOB-GALA2-GRI,Sofa cama gala 2 piezas,INTL8AEL,Celia Russo,125,2025-10-30,0,0,FALTA INFO,10
SOB-GALA3-GRI,Sofa cama gala 3 piezas,INTL8AEL,Celia Russo,125,2025-10-30,12,0,FALTA INFO,10
SOB-MULTI2-GRI,Sofa cama multi,INTL8AEL,Celia Russo,125,2025-10-30,0,0,FALTA INFO,10
SOB-VEGA3-GRI,Sofa cama vega,INTL8AEL,Celia Russo,125,2025-10-30,83,0,FALTA INFO,10
SOFA-LEIA-GRI,Sofá Cama Silla Sillón Plegable Sala Moderna Velvet + Cojín,INTL8AEL,Celia Russo,125,2025-10-30,10,0,89,10
SOFA-LEIA-GRO,Sofá Cama Silla Sillón Plegable Sala Moderna Velvet + Cojín,INTL8AEL,Celia Russo,125,2025-10-30,19,0,89,10
SOFA-LEIA-VER,Sofá Cama Silla Sillón Plegable Sala Moderna Velvet + Cojín,INTL8AEL,Celia Russo,125,2025-10-30,0,0,89,10
SOFALUXE-BEI,Silla Sillón Reclinable De Tela Reposet Manual Individual,INTL8AEL,Celia Russo,125,2025-10-30,0,0,69,10
SOFALUXE-GRI,Silla Sillón Reclinable De Tela Reposet Manual Individual,INTL8AEL,Celia Russo,125,2025-10-30,0,0,72,10
SOFAMIA-GRI,Sofa Cama Contemporaneo KingsHouse,INTL8AEL,Celia Russo,125,2025-10-30,154,0,30,10
SOFAMIA-GRO,Sofa Cama Contemporaneo KingsHouse,INTL8AEL,Celia Russo,125,2025-10-30,483,0,30,10
SOFA-REVE3P-BEI,Silla Sofá Sala Esquinera Izquierda Sillón Reversible Madera,INTL8AEL,Celia Russo,125,2025-10-30,50,0,79,10
SOFA-REVE3P-GRI,Silla Sofá Sala Esquinera Izquierda Sillón Reversible Madera,INTL8AEL,Celia Russo,125,2025-10-30,0,0,79,10
SOFA-SERENE-BEI,Sofá Cama Reclinable Silla Convertible Sillón Sala Moderna,INTL8AEL,Celia Russo,125,2025-10-30,0,0,59,10
SOFA-SERENE-GRI,Sofá Cama Reclinable Silla Convertible Sillón Sala Moderna,INTL8AEL,Celia Russo,125,2025-10-30,77,0,59,10
SOFA-SERENE-GRO,Sofá Cama Reclinable Silla Convertible Sillón Sala Moderna,INTL8AEL,Celia Russo,125,2025-10-30,87,0,59,10
SWG-SUMMER-GRI,Columpio para exterior summer,INTL8AEL,Celia Russo,125,2025-10-30,0,0,FALTA INFO,10
TABL-ARENA2-BLA,Mesa Comoda Para Tv De Metal Puertas PC Arena,INTLH5Q5,Celia Russo,125,2025-10-30,0,0,FALTA INFO,10
TABL-ARENA2-NEG,Mesa Comoda Para Tv De Metal Puertas PC Arena,INTLH5Q5,Celia Russo,125,2025-10-30,0,0,FALTA INFO,10
TABL-BASIC-BLA,Mesa comoda para cocina chica basic,INTLH5Q5,Celia Russo,125,2025-10-30,54,0,4,10
TABL-BASIC-MAD,Mesa comoda para cocina chica basic,INTLH5Q5,Celia Russo,125,2025-10-30,54,0,4,10
TABL-BASIC-NEG,Mesa comoda para cocina chica basic,INTLH5Q5,Celia Russo,125,2025-10-30,54,0,4,10
TABL-CLARA1-MAD,Mesa comoda con 1 puerta y 1 repisa mediana clara,INTLH5Q5,Celia Russo,125,2025-10-30,83,0,26,10
TABL-CLARA2R-MAD,Mesa comoda recibidor con 2 puertas mediana clara,INTLH5Q5,Celia Russo,125,2025-10-30,83,0,26,10
TABL-CLARA3L-MAD,Mesa comoda para tv con 2 Puertas y 2 repisas grande clara,INTLH5Q5,Celia Russo,125,2025-10-30,83,0,23,10
TABL-COFFE1-MAD,Mesa comoda con bandeja desplegable y compartimientos mediana,INTLH5Q5,Celia Russo,125,2025-10-30,83,0,21,10
TABL-MONTAN1-NEG,Mesa comoda para tv con 1 puerta y 2 cajones grande montana,INTLH5Q5,Celia Russo,125,2025-10-30,83,0,35,10
TABL-MONTAN2-MAD,Mesa comoda para tv con 2 cajones y 3 repisas grande montana,INTLH5Q5,Celia Russo,125,2025-10-30,83,0,24,10
TABL-MONTAN3-MAD,Mesa comoda con bandeja desplegable y compartimientos mediana mo,INTLH5Q5,Celia Russo,125,2025-10-30,83,0,30,10
TBINMET12,Bote de Basura Metalico Acero Inox Con Pedal Cocina 12L,INTLXLVO,Celia Russo,150,2025-11-30,834,0,4,11
TBINMET20,Bote De Basura Acero Inoxidable Metalico Basurero Cocina 20L,INTLXLVO,Celia Russo,150,2025-11-30,297,0,6,11
TBINMET30,Bote De Basura Acero Inoxidable Metalico Basurero Cocina 30L,INTLXLVO,Celia Russo,150,2025-11-30,0,0,7,11
TBINMET6,Bote de Basura Acero Inoxidable Metalico Basurero Cocina 6L,INTLXLVO,Celia Russo,150,2025-11-30,498,0,4,11
TBINMET7,Bote de Basura Con Pedal Acero Inoxidable Metalico Cocina 7L,INTLXLVO,Celia Russo,150,2025-11-30,873,0,3,11
TBINMET8,Bote de Basura Cocina Con Pedal Acero Inoxidable Metalico 8L,INTLXLVO,Celia Russo,150,2025-11-30,343,0,7,11
TBINPLA110-VER,Contenedor de basura 110 litros,INTLXLVO,Fer,150,2025-11-30,290,0,FALTA INFO,11
TBINPLA240-VER,Contenedor de basura 240 litros,INTLXLVO,Fer,150,2025-11-30,725,0,FALTA INFO,11
TBINPLA50-VER,Contenedor de basura 50 litros,INTLXLVO,Fer,150,2025-11-30,362,0,FALTA INFO,11
TOLIX-BAR2-BLA,Banco Alto Respaldo Tipo Tolix Vintage Minimalista Moderno,INTLH5Q5,Celia Russo,125,2025-10-30,0,0,9,10
TOLIX-BAR2-NEM,Banco Alto Respaldo Tipo Tolix Vintage Minimalista Moderno,INTLH5Q5,Celia Russo,125,2025-10-30,0,0,9,10
TOLIX-BAR2-ROJ,Banco Alto Respaldo Tipo Tolix Vintage Minimalista Moderno,INTLH5Q5,Celia Russo,125,2025-10-30,0,0,9,10
TOLIX-CLASSIC1-BLA,Silla Tolix Metal Vintage Restaurante Comedor Exterior Casa,INTLH5Q5,Celia Russo,125,2025-10-30,0,0,7,10
TOLIX-CLASSIC1-NEM,Silla Tolix Metal Vintage Restaurante Comedor Exterior Casa,INTLH5Q5,Celia Russo,125,2025-10-30,"2,537",0,7,10
TOLIX-CLASSIC1-ROJ,Silla Tolix Metal Vintage Restaurante Comedor Exterior Casa,INTLH5Q5,Celia Russo,125,2025-10-30,0,0,7,10
TOLIX-CLASSIC2-BLA,Silla Tolix De Metal Con Asiento Madera Para Casa Comedor,INTLH5Q5,Celia Russo,125,2025-10-30,252,0,10,10
TOLIX-CLASSIC2-NEM,Silla Tolix De Metal Con Asiento Madera Para Casa Comedor,INTLH5Q5,Celia Russo,125,2025-10-30,208,0,10,10
VINTA-B,Bicicleta Urbana Citadina Xtreme Life,INTLGM22,Vanina Paolillo,110,2025-10-30,14,0,35,10
VINTA-L,Bicicleta Urbana Citadina Xtreme Life,INTLGM22,Vanina Paolillo,110,2025-10-30,177,0,35,10
VINTA-M,Bicicleta Urbana Citadina Xtreme Life,INTLGM22,Vanina Paolillo,110,2025-10-30,141,0,35,10
VINTA-N,Bicicleta Urbana Citadina Xtreme Life,INTLGM22,Vanina Paolillo,110,2025-10-30,177,0,35,10
VINTA-R,Bicicleta Urbana Citadina Xtreme Life,INTLGM22,Vanina Paolillo,110,2025-10-30,100,0,35,10
VOLTAIRBO70,Soplador de aire para pisos,nuevos humid,Fer,90,2025-09-30,0,0,FALTA INFO,9
VOLTAIRDR6,Deshumidificador de aire electrico portatil,nuevos humid,Fer,90,2025-09-30,0,0,FALTA INFO,9
VOLTEVA-BLA,Aspiradora robot trapeadora con vaciado automatico,nuevos humid,Fer,90,2025-09-30,0,0,FALTA INFO,9
VOLTEVA-NEG,Aspiradora robot trapeadora con vaciado automatico,nuevos humid,Fer,90,2025-09-30,0,0,FALTA INFO,9
XTRAIL-1B,Bicicleta De Montaña R26 Freno Disco Shimano 21 Velocidades,INTLGM22,Vanina Paolillo,110,2025-10-30,203,0,FALTA INFO,10
XTRAIL-2B,Bicicleta de montaña 29 pulgadas estilo Shimano,INTLGM22,Vanina Paolillo,110,2025-10-30,177,0,51,10
XTRAIL-2LBL,Bicicleta De Montaña Rodada 29 Frenos Shimano 21V Aluminio,INTLGM22,Vanina Paolillo,110,2025-10-30,0,0,FALTA INFO,10
XTRAIL-2G,Bicicleta De Montaña Rodada 29 Frenos Shimano 21V Aluminio,INTLGM22,Vanina Paolillo,110,2025-10-30,0,0,51,10
XTRAIL-2OR,Bicicleta de montaña 29 pulgadas estilo Shimano,INTLGM22,Vanina Paolillo,110,2025-10-30,0,0,51,10
XTRAIL-3R,Bicicleta De Montaña R26 Freno Disco Shimano 21 Vel Aluminio,INTLGM22,Vanina Paolillo,110,2025-10-30,84,0,FALTA INFO,10
XTRAIL-3Y,Bicicleta De Montaña R26 Freno Disco Shimano 21 Vel Aluminio,INTLGM22,Vanina Paolillo,110,2025-10-30,84,0,FALTA INFO,10
XTRAIL-4B,Bicicleta de montaña 29 pulgadas estilo Shimano doble suspensión,INTLGM22,Vanina Paolillo,110,2025-10-30,89,0,51,10
RUMG40,Juego 4 Maletas De Viaje Rigidas Ruedas 360 Bolsas De Viaje,INTLUQXH,Flor Coronel,90,2025-09-30,"1,624",0,36,9
RUMG30,Juego 3 Maletas De Viaje Rigidas Ruedas 360 Bolsas De Viaje,INTLUQXH,Flor Coronel,90,2025-09-30,299,0,FALTA INFO,9
SINGLEDREAMER,Colchon en Caja Premium Individual 100x190 SingleDreamer ColorDreams,INTL8JW1,Flor Coronel,100,2025-09-30,0,0,48,9
KING1000,Generador Portatil A Gasolina 110v 2.9Hp Corriente Electrica,INTLZ708,Fer,110,2025-10-30,205,0,66,10
RUM30,Juego 3 Maletas De Viaje Rigidas Ruedas 360 Bolsas De Viaje,INTLUQXH,Flor Coronel,90,2025-09-30,0,0,28,9
KMPL2T,Pluma hidraulica 2 toneladas KINGSMAN,INTL2VQ1,Fer,110,2025-10-30,0,0,73,10
DREAMERTWO,Colchon en Caja Básico Matrimonial 135x190 DreamerTwo ColorDreams,INTL8JW1,Flor Coronel,100,2025-09-30,"1,024",0,42,9
KMEM35,Escalera Multiposiciones De Aluminio 3.5 Metros 12 Peldaños,INTL99PB,Fer,100,2025-09-30,"2,769",0,27,9
KHCESPMB,Colchon Matrimonial En Caja 15cm Alto KingsHouse,INTL8JW1,Flor Coronel,100,2025-09-30,"1,096",0,33,9
RUM40,Juego 4 Maletas De Viaje Rigidas Ruedas 360 Bolsas De Viaje,INTLUQXH,Flor Coronel,90,2025-09-30,0,0,36,9
300206-SZ,Mueble Alacena Cajones Puertas Repisas Cafe Cocina Despensa,INTLBR4SWO,Celia Russo,110,2025-10-30,40,0,81,10
DREAMERONE,Colchon en Caja Básico Individual 100x190 DreamerOne ColorDreams,INTL8JW1,Flor Coronel,100,2025-09-30,"1,255",0,31,9
HIDROKING2200RC,Hidrolavadora Eléctrica Portatil 2200 Psi 2000w + Accesorios,INTLZ708,Fer,110,2025-10-30,0,0,39,10
KHCESPIB,Colchon Individual En Caja 15cm Alto KingsHouse,INTL8JW1,Flor Coronel,100,2025-09-30,"1,292",0,26,9
CP3DREAM135,Colchon plegable en 3 partes 135cm COLORDREAMS,INTL8JW1,Flor Coronel,100,2025-09-30,80,0,30,9
KHSPRING2B,Colchon 16cm resortes Matrimonial Blanco,INTL8JW1,Flor Coronel,100,2025-09-30,461,0,33,9
CP3DREAM80,Colchon plegable en 3 partes 80cm COLORDREAMS,INTL8JW1,Flor Coronel,100,2025-09-30,238,0,20,9
CP3DREAM100,Colchon plegable en 3 partes 100cm COLORDREAMS,INTL8JW1,Flor Coronel,100,2025-09-30,0,0,23,9
KINGCHEST5-1G,Comoda Cajonera 5 Cajones Mueble Organizador de Tela Madera ,INTLI5B7,Celia Russo,125,2025-10-30,0,0,20,10
KH3PLBB,SALA ESQUINA IZQUIERDA PARA EXTERIORES JARDIN RATTAN,INTL8AEL,Celia Russo,125,2025-10-30,0,0,76,10
KHCESP12IB,Colchón Individual En Caja 12cm De Alto Memory Foam Espuma,INTL8JW1,Flor Coronel,100,2025-09-30,"1,096",0,21,9
CEC3VOLT,Calefactor Calentador Halogeno Electrico De Cuarzo 3 Niveles,INTL39N1,Fer,110,2025-10-30,0,0,8,10
VWINE12,Cava De Vinos Para 12 Botellas VWINE12 VOLTIO,INTLIXBT,Fer,90,2025-09-30,0,0,60,9
XTRAIL-3B,Bicicleta De Montaña R26 Freno Disco Shimano 21 Vel Aluminio,INTLGM22,Vanina Paolillo,110,2025-10-30,0,0,49,10
FVT30,Ventilador Pedestal Industrial 30 Pulgadas De Pie Kingsman,INTL39N1,Fer,110,2025-10-30,586,0,32,10
KH3PLGB,SALA ESQUINA IZQUIERDA PARA EXTERIORES JARDIN RATTAN,INTL8AEL,Celia Russo,125,2025-10-30,0,0,76,10
KHCESPMG,Colchon Matrimonial En Caja 15cm Alto KingsHouse,INTL8JW1,Flor Coronel,100,2025-09-30,"1,493",0,33,9
KHSOFABEDPLM,Sofa Cama Doble Sillon Plegable Matrimonial Colchon,INTL8JW1,Flor Coronel,100,2025-09-30,0,0,40,9
DNG-GLAZI6-NEG,JUEGO DE COMEDOR MESA + 6 SILLAS TAPA DE VIDRIO TEMPLADO,INTL8AEL,Celia Russo,125,2025-10-30,0,0,76,10
KMPR12T,Prensa hidraulica 12 toneladas KINGSMAN,INTL2VQ1,Fer,110,2025-10-30,0,0,51,10
KINGDIPLA400,Diablito Carga Plataforma Rueda Neumatica 200/400 kg Acero,INTL025T,Fer,110,2025-10-30,0,0,18,10
KH3PLGBL,SALA ESQUINA DERECHA PARA EXTERIORES JARDIN RATTAN,INTL8AEL,Celia Russo,125,2025-10-30,0,0,76,10
KH3PLBBL,SALA ESQUINA DERECHA PARA EXTERIORES JARDIN RATTAN,INTL8AEL,Celia Russo,125,2025-10-30,0,0,76,10
KINGSVIBC6,Vibrador de Concreto A Gasolina 6.5 HP con Chicote 6 mts Kingsma,INTL9YO5,Fer,90,2025-09-30,0,0,122,9
FLR24,Ventilador De Piso Industrial 24 Pulgadas Aluminio Kingsman,INTL39N1,Fer,110,2025-10-30,0,0,32,10
TWR32,Ventilador de torre 34 pulgadas con control remoto Voltio,INTLQ7LO,Fer,150,2025-11-30,0,0,14,11
KHSO1B,Silla Giratoria de Escritorio Ergonomica Negra Mesh Oficina,INTLH5Q5,Celia Russo,125,2025-10-30,362,0,13,10
KHSPRING1B,Colchon 16cm resortes Individual Blanco,INTL8JW1,Flor Coronel,100,2025-09-30,545,0,26,9
BAMBYNOOZ3,Corral Cuna Bebe Viaje Plegable,INTL8WQU,Celia Russo,90,2025-09-30,0,0,15,9
B1276-SZ,Escritorio + Estante De 3 Niveles + Estante 1 Nivel Para Estudia,INTLBRSM89,Flor Coronel,90,2025-09-30,0,0,24,9
XTRAIL-1BL,Bicicleta De Montaña R26 Freno Disco Shimano 21 Velocidades,INTLGM22,Vanina Paolillo,110,2025-10-30,63,0,42,10
TWR291,Ventilador de torre 29 pulgadas con control remoto Voltio,INTLQ7LO,Fer,150,2025-11-30,0,0,11,11
KMEM27,Escalera Multiposiciones De Aluminio 2.7 Metros 8 Peldaños,INTL99PB,Fer,100,2025-09-30,368,0,21,9
BAMBYNOOZ2,Corral Cuna Bebe Viaje con Mosquitero Cambiador Y Juguete Movil,INTL8WQU,Celia Russo,90,2025-09-30,0,0,26,9
KINGDREAMER,Colchon en Caja Premium King 200x190 KingDreamer ColorDreams,INTL8JW1,Flor Coronel,100,2025-09-30,285,0,89,9
KINGREVO600,Revolvedora de concreto Eléctrica 140L 550W Kingsman,INTL9YO5,Fer,90,2025-09-30,0,0,114,9
XTRAIL-1W,Bicicleta De Montaña R26 Freno Disco Shimano 21 Velocidades,INTLGM22,Vanina Paolillo,110,2025-10-30,133,0,42,10
KMBCF38G,Caja Fuerte Biometrica Grande Digital Huella De Seguridad,INTL9APC,Fer,110,2025-10-30,0,0,30,10
KMBCF50G,Caja Fuerte Biometrica Super Grande Huella De Seguridad,INTL9APC,Fer,110,2025-10-30,0,0,39,10
BAMBYNOOZ1,Corral Cuna Bebe Viaje con Mosquitero Cambiador Y Juguete Movil,INTL8WQU,Celia Russo,90,2025-09-30,0,0,26,9
BAMBYNOOZ,Cuna Colecho Corral,INTL8WQU,Celia Russo,90,2025-09-30,0,0,24,9
BAMBYFLEX360G,Autoasiento 360 Para Carro Con Sistema Seguridad Coche Bebes,INTLRZHC,Celia Russo,150,2025-11-30,135,0,36,11
FLR30,Ventilador De Piso Industrial 30 Pulgadas Aluminio Kingsman,INTL39N1,Fer,110,2025-10-30,395,0,38,10
KHSOG,Silla Ejecutiva con Respaldo Reclinable Gris Mesh Oficina,INTLH5Q5,Celia Russo,125,2025-10-30,178,0,12,10
KMELG5,Escalera de aluminio Little Giant 5 Kingsman,INTL9J1C,Fer,90,2025-09-30,0,0,43,9
KHSOB,Silla Ejecutiva con Respaldo Reclinable Negra Mesh Oficina,INTLH5Q5,Celia Russo,125,2025-10-30,725,0,10,10
LOUNGE-GRO,CAMASTRO ESTRUCTURA METALICA Y ASIENTO DE TEXTILENO,INTL8AEL,Celia Russo,125,2025-10-30,80,0,27,10
TWR29,Ventilador de torre 29 pulgadas silencioso giratorio Voltio,INTLQ7LO,Fer,150,2025-11-30,0,0,9,11
BAMBYDREAM30,Colchón Cuna - 70x130x15cm MEDIUM BAMBYDREAM30 BAMBY,INTL8JW1,Flor Coronel,100,2025-09-30,120,0,20,9
KHCESPIG,Colchon Individual En Caja 15cm Alto KingsHouse,INTL8JW1,Flor Coronel,100,2025-09-30,"1,743",0,26,9
CE1BVOLT,Calefactor Portatil Calentador Electrico Ventilador 1500W,INTL39N1,Fer,110,2025-10-30,0,0,6,10
SOFARE-BEI,Sillon Reclinable Contemporaneo,INTL8AEL,Celia Russo,125,2025-10-30,7,0,49,10
RUMB30,Juego 3 Maletas De Viaje Rigidas Ruedas 360 Bolsas De Viaje,INTLUQXH,Flor Coronel,90,2025-09-30,0,0,FALTA INFO,9
KMET50,Escalera Telescopica Retractil Aluminio 13 Escalones 5 m RY-1350,INTL9J1C,Fer,90,2025-09-30,0,0,40,9
KINGDIPLE120,Diablito de Carga Extensible Carrito Plegable 100kg Kingsman,INTL025T,Fer,110,2025-10-30,0,0,10,10
VWINE8,Cava De Vinos Para 8 Botellas VWINE8 VOLTIO,INTLIXBT,Fer,90,2025-09-30,0,0,45,9
HIDROKING2000,Hidrolavadora Eléctrica Portatil 2000 Psi 1600w + Accesorios,INTLZ708,Fer,110,2025-10-30,0,0,33,10
300201-SZ,Mueble Cajonero Comoda Organiador Ropa 8 Cajones 90cm Blanco,INTLBR4SWO,Celia Russo,110,2025-10-30,0,0,53,10
FWL26,Ventilador De Pared Industrial 26 Pulgadas Aluminio Kingsman,INTL39N1,Fer,110,2025-10-30,162,0,26,10
BAMBYGO,Colchón Cuna De Viaje - 68x95x6cm TRIP BAMBYGO BAMBY,INTL8JW1,Flor Coronel,100,2025-09-30,244,0,10,9
FWL30,Ventilador De Pared Industrial 30 Pulgadas Aluminio Kingsman,INTL39N1,Fer,110,2025-10-30,359,0,28,10
BAMBYMOON30,Colchón Cuna - 70x130x10cm MEDIUM BAMBYMOON30 BAMBY,INTL8JW1,Flor Coronel,100,2025-09-30,199,0,15,9
KMBCF31G,Caja Fuerte Biometrica Pequeña Digital Huella De Seguridad,INTL9APC,Fer,110,2025-10-30,0,0,20,10
BAMBYDREAM40,Colchón Cuna - 80x140x15cm LARGE BAMBYDREAM40 BAMBY,INTL8JW1,Flor Coronel,100,2025-09-30,0,0,23,9
KHCESP12MB,Colchón Matrimonial En Caja 12cm De Alto Memory Foam Espuma,INTL8JW1,Flor Coronel,100,2025-09-30,375,0,27,9
BAMBYDREAM20,Colchón de Cuna - 60x120x15cm SMALL BAMBYDREAM20 BAMBY,INTL8JW1,Flor Coronel,100,2025-09-30,0,0,17,9
BAMBYDREAM40X,Colchón Cuna - 95x140x15cm EXTRA LARGE BAMBYDREAM40X BAMBY,INTL8JW1,Flor Coronel,100,2025-09-30,0,0,27,9
TOPPER2M,Colchoneta Topper Cubrecolchon Matrimonial Espuma 5cm,INTLSGDY4B,Flor Coronel,90,2025-09-30,0,0,14,9
TOPPER3Q,Colchoneta Topper Cubrecolchon Queen Size 5cm,INTLSGDY4B,Flor Coronel,90,2025-09-30,0,0,16,9
KINGSVIBCH6,Chicote de 6 mts para Vibrador de Concreto Kingsman,INTL9YO5,Fer,90,2025-09-30,0,0,28,9
BAMBYFLEXG,Autoasiento Para Carro Silla de Bebe Seguridad 9m A 11 Años,INTLRZHC,Celia Russo,150,2025-11-30,108,0,19,11
TOPDREAM1I,Colchoneta Cubre Colchon Topper Memory Foam 5cm Individual,INTL8JW1,Flor Coronel,100,2025-09-30,93,0,15,9
KHCESP12SB,Colchón Individual Caja 12cm Memory Foam Espuma Alta Densida,INTL8JW1,Flor Coronel,100,2025-09-30,388,0,18,9
CP3DREAM120,Colchon plegable en 3 partes 120cm COLORDREAMS,INTL8JW1,Flor Coronel,100,2025-09-30,0,0,28,9
KMBCF35G,Caja fuerte Biometrica Mediana Digital Huella De Seguridad,INTL9APC,Fer,110,2025-10-30,0,0,23,10
KMELG4,Escalera de aluminio Little Giant 4 Kingsman,INTL9J1C,Fer,90,2025-09-30,0,0,35,9
KMGP3T,Gato de patin 3 toneladas KINGSMAN,INTLFI25,Fer,125,2025-10-30,0,0,20,10
VWINE18,Cava De Vinos Para 18 Botellas VWINE18 VOLTIO,INTLIXBT,Fer,90,2025-09-30,0,0,63,9
KINGCHEST5GB,Comoda Cajonera de 5 Cajones Mueble Organizador Tela Madera ,INTLI5B7,Celia Russo,125,2025-10-30,0,0,20,10
TOPDREAM2M,Colchoneta Cubre Colchon Topper 5cm Matrimonial,INTL8JW1,Flor Coronel,100,2025-09-30,25,0,20,9
B1275-SZ,Combo Escritorio + Estante 3 Niveles + Estante Casa Oficina,INBTLBRMBZ1,Celia Russo,110,2025-10-30,0,0,24,10
SOFARE-GRI,Sillon Reclinable Contemporaneo,INTL8AEL,Celia Russo,125,2025-10-30,227,0,49,10
COLORSTEEL5N,SETX3 SARTENES ANTIADHERENTE + UTENSILLIO DE NYLON,INTL7X66,Celia Russo,90,2025-09-30,0,0,4,9
KINGCHEST2W,Comoda Cajonera de 2 Cajones Mesita de Noche Estante Abierto,INTLI5B7,Celia Russo,125,2025-10-30,0,0,18,10
COLORSTEEL4R,SETX3 SARTENES ANTIADHERENTE + UTENSILLIO DE NYLON,INTL7X66,Celia Russo,90,2025-09-30,0,0,4,9
KMPR20T,Prensa hidraulica 20 toneladas KINGSMAN,INTL2VQ1,Fer,110,2025-10-30,0,0,61,10
KMELG3,Escalera de aluminio Little Giant 3 Kingsman,INTL9J1C,Fer,90,2025-09-30,0,0,29,9
QUEENDREAMER,Colchon Queen Size En Caja Memory 150x190x23 Cm Colordreams,INTL8JW1,Flor Coronel,100,2025-09-30,119,0,68,9
RUMB20,"Maleta Rígida ABS Rumbo 20""",INTLUQXH,Flor Coronel,90,2025-09-30,435,0,8,9
BAMBYMOON20,Colchón Cuna - 60x120x10cm SMALL BAMBYMOON20 BAMBY,INTL8JW1,Flor Coronel,100,2025-09-30,88,0,13,9
COLORSTEEL5R,SETX3 SARTENES ANTIADHERENTE + UTENSILLIO DE NYLON,INTL7X66,Celia Russo,90,2025-09-30,0,0,4,9
LOUNGE-BEI,CAMASTRO ESTRUCTURA METALICA Y ASIENTO DE TEXTILENO,INTL8AEL,Celia Russo,125,2025-10-30,182,0,27,10
COLORSTEEL4N,SETX3 SARTENES ANTIADHERENTE + UTENSILLIO DE NYLON,INTL7X66,Celia Russo,90,2025-09-30,0,0,4,9
BAMBYNOOZ4,Cuna Colecho Corral,INTL8WQU,Celia Russo,90,2025-09-30,0,0,25,9
BAMBYBASIC,Colchón Cuna – 70x100x7cm STANDAR BAMBYBASIC BAMBY,INTL8JW1,Flor Coronel,100,2025-09-30,299,0,11,9
KINGCHEST2B,Comoda Cajonera con 2 Cajones Buro Mueble de Tela Madera ,INTLI5B7,Celia Russo,125,2025-10-30,0,0,10,10
KINGCHEST2,Comoda Cajonera con 2 Cajones Buro Mueble de Tela Madera ,INTLI5B7,Celia Russo,125,2025-10-30,0,0,10,10
CHEST-L5V-GRI,Comoda Cajonera 5 Cajones Mueble Organizador de Tela Madera ,INTLI5B7,Celia Russo,125,2025-10-30,0,0,FALTA INFO,10
KINGBISTRO3DG,JUEGO DE 3 PIEZAS PARA JARDIN MESA + SILLAS,INTL8AEL,Celia Russo,125,2025-10-30,0,0,21,10
B1273-SZ,Combo Escritorio + Estante 3 Niveles + Estante Casa Oficina,INBTLBRMBZ1,Celia Russo,110,2025-10-30,0,0,24,10
COUPLEDREAMER,Colchon en Caja Premium Matrimonial 135x190 CoupleDreamer ColorDreams,INTL8JW1,Flor Coronel,100,2025-09-30,556,0,62,9
KINGCHEST2G,Comoda Cajonera con 2 Cajones Buro Mueble de Tela Madera ,INTLI5B7,Celia Russo,125,2025-10-30,0,0,10,10
BAMBYFLEXR,Autoasiento Para Carro Silla de Bebe Seguridad 9m A 11 Años,INTLRZHC,Celia Russo,150,2025-11-30,108,0,19,11
KINGCHEST3G,Comoda Cajonera de 3 Cajones Mueble Organizador Tela Madera ,INTLI5B7,Celia Russo,125,2025-10-30,0,0,12,10
KINGCHEST4W,Comoda Cajonera de 4 Cajones Mueble Organizador Tela Madera ,INTLI5B7,Celia Russo,125,2025-10-30,0,0,15,10
KIND5200,Desbrozadora Desmalezadora 52cc Motor 2 tiempos 2.5 HP + Carrete Hilo Amarillo KIND5200 Kingsman,INTLCQNR,Fer,125,2025-10-30,"4,677",0,30,10
KINGSDSBRO5N1,Desbrozadora Gasolina 5 en 1 Accesorios 52cc 2.5HP Motor 2T,INTLCQNR,Fer,125,2025-10-30,520,0,62,10
FOLTA-240,Mesa Plegable 240cm Portatil Portafolio Fiesta Jardin Hogar,INTLFZWY,Celia Russo,90,2025-09-30,0,0,22,9
TOPPER1I,Colchoneta Topper Cubrecolchon Individual Espuma 5cm,INTLSGDY4B,Flor Coronel,90,2025-09-30,0,0,11,9
KMEM45,Escalera Multiposiciones De Aluminio 4.5 Metros 16 Peldaños,INTL99PB,Fer,100,2025-09-30,433,0,32,9
TOPPER4K,Colchoneta Topper Cubrecolchon King Size 5cm,INTLSGDY4B,Flor Coronel,90,2025-09-30,0,0,21,9
KINGCHEST5W,Comoda Cajonera de 5 Cajones Mueble Organizador Tela Madera ,INTLI5B7,Celia Russo,125,2025-10-30,0,0,21,10
FOLTA-180,Mesa Plegable 1.80 Mts Portatil Portafolio Eventos Jardin,INTLFZWY,Celia Russo,100,2025-09-30,0,0,12,9
BAMBYFLEX360,Autoasiento 360 Para Carro Con Sistema Seguridad Coche Bebes,INTLRZHC,Celia Russo,150,2025-11-30,163,0,36,11
BAMBYFLEX,Autoasiento Para Carro Silla de Bebe Seguridad 9m A 11 Años,INTLRZHC,Celia Russo,150,2025-11-30,108,0,19,11
RACKMU200-NEG,Alacena Rack Multiusos Puertas Repisas Cajones Cocina 201 Cm,INTLBR4SWO,Celia Russo,110,2025-10-30,227,0,79,10
KINGCHEST5W-1,Comoda Cajonera de 5 Cajones Tela Estructura Acero Madera,INTLI5B7,Celia Russo,125,2025-10-30,0,0,22,10
KHSOFABEDPLI,Sofa Cama Doble Sillon Plegable Individual Colchon,INTL8JW1,Flor Coronel,100,2025-09-30,192,0,30,9
KINGCHEST5GN,Comoda Cajonera de 5 Cajones Mueble Organizador Tela Madera ,INTLI5B7,Celia Russo,125,2025-10-30,0,0,20,10
KINGCHEST5BW,Comoda Cajonera de 5 Cajones Mueble Organizador Tela Madera ,INTLI5B7,Celia Russo,125,2025-10-30,0,0,21,10
KHSO113,Silla de Escritorio Ejecutiva Ergonomica Ajustable Negro,INTLH5Q5,Celia Russo,125,2025-10-30,475,0,13,10
CHEST-L5V-BEI,Comoda Cajonera 5 Cajones Mueble Organizador de Tela Madera ,INTLI5B7,Celia Russo,125,2025-10-30,0,0,20,10
TOPDREAM4K,Colchoneta Cubre Colchon Topper 5cm King Size,INTL8JW1,Flor Coronel,100,2025-09-30,41,0,27,9
KINGCHEST5BWB,Comoda Cajonera de 5 Cajones Mueble Organizador Tela Madera ,INTLI5B7,Celia Russo,125,2025-10-30,0,0,21,10
KINGBISTRO3LG,JUEGO DE 3 PIEZAS PARA JARDIN MESA + SILLAS,INTL8AEL,Celia Russo,125,2025-10-30,45,0,21,10
KINGSFUMI42,Fumigadora a Gasolina Aspersora 14L 2.8HP Liquidos Polvos 2T,INTLCQNR,Fer,125,2025-10-30,0,0,48,10
B1277-SZ,Combo Escritorio + Estante 3 Niveles + Estante Casa Oficina,INBTLBRMBZ1,Celia Russo,110,2025-10-30,640,0,FALTA INFO,10
KHMESHB,Silla de Escritorio Ergonomica Negra Tapizado Mesh Oficina,INTLH5Q5,Celia Russo,125,2025-10-30,"1,087",0,9,10
KINGSHELF5B,Rack anaquel metálico estante 5 niveles Kingsman,INTLFZWY,Fer,100,2025-09-30,0,0,10,9
RUMG20,"Maleta Rígida ABS Rumbo 20""",INTLUQXH,Flor Coronel,90,2025-09-30,0,0,8,9
KMMC36,"Cama para mecanico 36"" KINGSMAN",INTL2VQ1,Fer,110,2025-10-30,0,0,7,10
RUM20,"Maleta Rígida ABS Rumbo 20""",INTLUQXH,Flor Coronel,90,2025-09-30,548,0,8,9
BAMBYBOOSTGN,Asiento Elevador Coche Para Bebe Booster Carro Cojin Silla,INTLRZHC,Celia Russo,150,2025-11-30,74,0,4,11
KINGSDEMO52,Martillo Demoledor Rompedor De Concreto A Gasolina 52CC 3HP,INTLCQNR,Fer,125,2025-10-30,5,0,111,10
BAMBYHSEAT7B,"SILLA PERIQUERA ALTA BEBE 3 EN 1, 7 Blanco",INTL5WA9,Celia Russo,100,2025-09-30,0,0,9,9
KMMC40,"Cama para mecanico 40"" KINGSMAN",INTL2VQ1,Fer,110,2025-10-30,0,0,8,10
KINGCHEST5-2,Comoda Cajonera con 5 Cajones de Tela Rack Perchero Closet ,INTLI5B7,Celia Russo,125,2025-10-30,0,0,24,10
RACKMU6-BLA,Mueble Rack Cocina Multiuso Alacena 6 Repisas Madera Estante,INTLBR4SWO,Celia Russo,110,2025-10-30,42,0,46,10
RACKTA-BLA,Mueble Organizador Rack 2 Puertas Planchado Ropa Tabla 86 Cm,INTLBR4SWO,Celia Russo,110,2025-10-30,85,0,28,10
KHA8PB,Alacena Organizador Rack Multiuso Gabinete Mueble De Cocina,INBTLBRMBZ1,Celia Russo,110,2025-10-30,146,0,69,10
B1274-SZ,Combo Escritorio + Estante 3 Niveles + Estante Casa Oficina,INBTLBRMBZ1,Celia Russo,110,2025-10-30,129,0,FALTA INFO,10
KMUTC3,Carro de servicio de 3 niveles KINGSMAN,INTL2VQ1,Fer,110,2025-10-30,0,0,15,10
KINGSHOGA52,Motoperforadora Ahoyadora A Gasolina Motor 2 Tiempos 52CC 2.5HP ,INTLCQNR,Fer,125,2025-10-30,37,0,49,10
BAMBYBOOST,Asiento Elevador Coche Para Bebe Booster Carro Cojin Silla,INTLRZHC,Celia Russo,150,2025-11-30,177,0,4,11
BAMBYBOOSTG,Asiento Elevador Coche Para Bebe Booster Carro Cojin Silla,INTLRZHC,Celia Russo,150,2025-11-30,74,0,4,11
KHA8PNC,Alacena Organizador Rack Multiuso Gabinete Mueble De Cocina,INBTLBRMBZ1,Celia Russo,110,2025-10-30,175,0,69,10
KINGSOPL43,Sopladora De Aire Motor A Gasolina 2 Tiempos 43CC 2HP Tipo Mochi,INTLCQNR,Fer,125,2025-10-30,0,0,43,10
FLR30Y,Ventilador De Piso Industrial 30 Pulgadas Aluminio Amarillo King,INTL39N1,Fer,110,2025-10-30,144,0,39,10
FLR24Y,Ventilador De Piso Industrial 24 Pulgadas Aluminio Amarillo King,INTL39N1,Fer,110,2025-10-30,76,0,32,10
RUMGR30,Juego 3 Maletas De Viaje Rigidas Ruedas 360 Bolsas De Viaje,INTLUQXH,Flor Coronel,90,2025-09-30,92,0,FALTA INFO,9
RUMOR30,Juego 3 Maletas De Viaje Rigidas Ruedas 360 Bolsas De Viaje,INTLUQXH,Flor Coronel,90,2025-09-30,92,0,FALTA INFO,9
SPRINGSINGLE16,Colchon 16cm resortes INDIVIDUAL ColorDreams,INTL8JW1,Flor Coronel,100,2025-09-30,149,0,26,9
SPRINGDUO16,Colchon 16cm resortes MATRIMONIAL ColorDreams,INTL8JW1,Flor Coronel,100,2025-09-30,86,0,33,9
KINGSHELF5,Rack anaquel metálico estante 5 niveles Kingsman,INTLFZWY,Fer,100,2025-09-30,0,0,8,9
KINGCHEST5-1BW,Comoda Cajonera 5 Cajones Mueble Organizador de Tela Madera ,INTLI5B7,Celia Russo,125,2025-10-30,0,0,20,10
SOLOSPRING,Colchon 30cm resortes pocket coil Individual Spring Series Color,INTL8JW1,Flor Coronel,100,2025-09-30,0,0,69,9
KINGSPRING,Colchon 30cm resortes pocket coil King Spring Series ColorDreams,INTL8JW1,Flor Coronel,100,2025-09-30,0,0,120,9
DUOSPRING,Colchon 30cm resortes pocket coil Matrimonial Spring Series Colo,INTL8JW1,Flor Coronel,100,2025-09-30,0,0,89,9
KINGSPRING20,Colchon 20cm resortes pocket coil King Spring Series ColorDreams,INTL8JW1,Flor Coronel,100,2025-09-30,0,0,85,9
DUOSPRING20,Colchon 20cm resortes pocket coil Matrimonial Spring Series Colo,INTL8JW1,Flor Coronel,100,2025-09-30,0,0,60,9
QUEENSPRING,Colchon 30cm resortes pocket coil Queen Spring Series ColorDream,INTL8JW1,Flor Coronel,100,2025-09-30,0,0,94,9
QUEENSPRING20,Colchon 20cm resortes pocket coil Queen Spring Series ColorDream,INTL8JW1,Flor Coronel,100,2025-09-30,0,0,67,9
RACKMU6-NEG,Mueble Rack Cocina Multiuso Alacena 6 Repisas Madera Estante,INTLBR4SWO,Celia Russo,110,2025-10-30,104,0,46,10
SOLOSPRING20,Colchon 20cm resortes pocket coil Individual Spring Series Color,INTL8JW1,Flor Coronel,100,2025-09-30,0,0,47,9
KH4PLMC,Sala rattan para exterior con almohadones cushion 4pz (2cajas),INTL8AEL,Celia Russo,125,2025-10-30,89,0,189,10
KH3PLNC,Sala rattan para exterior con almohadones cushion 3pz,INTL8AEL,Celia Russo,125,2025-10-30,27,0,144,10
KH4PLBC,Sala para exterior acero con almohadones cushion 4pz (2cajas),INTL8AEL,Celia Russo,125,2025-10-30,279,0,95,10
SBCLOUD2G,Sofa cama sillon colchon plegable Matrimonial ColorDreams,INTLSGDY4B,Flor Coronel,90,2025-09-30,0,0,68,9
SBCLOUD2B,Sofa cama sillon colchon plegable Matrimonial ColorDreams,INTLSGDY4B,Flor Coronel,90,2025-09-30,0,0,68,9
SBCLOUDG,Sofa cama sillon colchon plegable Individual ColorDreams,INTLSGDY4B,Flor Coronel,90,2025-09-30,0,0,50,9
SBCLOUDB,Sofa cama sillon colchon plegable Individual ColorDreams,INTLSGDY4B,Flor Coronel,90,2025-09-30,0,0,50,9
CLOUDSINGLE15,Colchon 15cm de espuma INDIVIDUAL ColorDreams,INTL8JW1,Flor Coronel,100,2025-09-30,399,0,26,9
CLOUDUO15,Colchon 15cm de espuma MATRIMONIAL ColorDreams,INTL8JW1,Flor Coronel,100,2025-09-30,399,0,33,9
EBIKE350-B,Bicicleta Eléctrica con canastilla delantera batería 350W,INTLGM22,Vanina Paolillo,110,2025-10-30,0,0,129,10
EBIKE500-VN,Bicicleta Eléctrica con canastilla delantera batería 500W,INTLGM22,Vanina Paolillo,110,2025-10-30,0,0,186,10
EBIKE500-GN,Bicicleta Eléctrica con canastilla delantera batería 500W,INTLGM22,Vanina Paolillo,110,2025-10-30,0,0,186,10
EBIKE800-G,Bicicleta Moto Eléctrica con caja trasera batería 800W,INTLGM22,Vanina Paolillo,110,2025-10-30,0,0,303,10
PRESSBE-7,Ejercitador Aparato Banco Multifuncional Abdomen Brazos 6en1,INTL1WAF,Vanina Paolillo,100,2025-09-30,192,0,FALTA INFO,9
VOLTFRI50,Congelador horizontal blanco 50L Voltio,INTLOA4B,Fer,110,2025-10-30,0,0,46,10
VOLTFRI90,Congelador horizontal blanco 90L Voltio,INTLOA4B,Fer,110,2025-10-30,240,0,64,10
KING3000,Hidrolavadora,INTLZ708,Fer,110,2025-10-30,656,0,73,10
HIDROKING1500,Hidrolavadora,INTLZ708,Fer,110,2025-10-30,226,0,25,10
SGXMASL180G,ARBOL PINO DE NAVIDAD DECORATIVO PREILUMINADO 180 CM,INTLJ71Z,Celia Russo,125,2025-10-30,0,0,18,10
SGXMASL210G,ARBOL PINO DE NAVIDAD DECORATIVO PREILUMINADO 210 CM,INTLJ71Z,Celia Russo,125,2025-10-30,0,0,28,10
FVT26,Ventilador Pedestal Industrial 26 Pulgadas De Pie Kingsman,INTL39N1,Fer,110,2025-10-30,359,0,31,10
SGXMASF180G,ARBOL PINO DE NAVIDAD DECORATIVO FIBRA OPTICA 180 CM,INTLJ71Z,Celia Russo,125,2025-10-30,0,0,33,10
SGXMAS210,Arbol De Navidad 210 Cm Artificial Pino Navideño Adornos,INTLJ71Z,Celia Russo,125,2025-10-30,0,0,9,10
XTRAIL-3W,Bicicleta De Montaña R26 Freno Disco Shimano 21 Vel Aluminio,INTLUQXH,Vanina Paolillo,90,2025-09-30,0,0,FALTA INFO,9
TWR14,Ventilador de torre 16 pulgadas compacto silencioso Voltio,INTLUQXH,Fer,90,2025-09-30,0,0,8,9
TOPPER4KL,Topper 5cm 5 zonas KING LAVANDA ColorDreams,INTLUQXH,Flor Coronel,90,2025-09-30,0,0,FALTA INFO,9
TOPPER3QL,Topper 5cm 5 zonas QUEEN LAVANDA ColorDreams,INTLUQXH,Flor Coronel,90,2025-09-30,0,0,FALTA INFO,9
TOPPER2ML,Topper 5cm 5 zonas MATRIMONIAL LAVANDA ColorDreams,INTLUQXH,Flor Coronel,90,2025-09-30,0,0,FALTA INFO,9
TOPPER1IL,Topper 5cm 5 zonas INDIVIDUAL LAVANDA ColorDreams,INTLUQXH,Flor Coronel,90,2025-09-30,0,0,FALTA INFO,9
TOPDREAM3Q,Topper 5cm memory foam QUEEN TOPDREAM3Q COLORDREAMS,INTLUQXH,Flor Coronel,90,2025-09-30,0,0,FALTA INFO,9
KMT3T,Torre 3 toneladas KINGSMAN,INTL39N1,Fer,110,2025-10-30,0,0,7,10
KINGSINGLE2,Base Cama Individual KingsHouse Box Desmontable,INTLZ708,Celia Russo,110,2025-10-30,0,0,26,10
KINGSINGLE1,Base Cama Individual KingsHouse Box Desmontable,INTLZ708,Celia Russo,110,2025-10-30,0,0,26,10
KINGSHELF4,Rack anaquel plastico estante 4 niveles Kingsman,INTLZ708,Celia Russo,110,2025-10-30,0,0,FALTA INFO,10
KINGSHELF3,Rack anaquel plastico estante 3 niveles Kingsman,INTLZ708,Celia Russo,110,2025-10-30,0,0,FALTA INFO,10
KINGDESBRO,Desbrozadora KINGDESBRO Kingsman,INTLZ708,Fer,110,2025-10-30,0,0,FALTA INFO,10
KINGCHEST4BWB,Comoda Cajonera de 4 Cajones Mueble Organizador Tela Madera ,INTLZ708,Celia Russo,110,2025-10-30,0,0,FALTA INFO,10
KINGCHEST4BW,Comoda Cajonera de 4 Cajones Mueble Organizador Tela Madera ,INTLZ708,Celia Russo,110,2025-10-30,0,0,FALTA INFO,10
KINGBUNK1,Litera Doble Individual Base Cama Con Estante KingsHouse,INTL8JW1,Celia Russo,100,2025-09-30,0,0,90,9
KHLOUNGERBG,CAMASTRO ESTRUCTURA METALICA Y ASIENTO DE TEXTILENO,INTL8JW1,Celia Russo,100,2025-09-30,0,0,FALTA INFO,9
KHCESP12SG,Colchón Colchoneta Individual En Caja 80x190 Espuma Memory,INTL8JW1,Flor Coronel,100,2025-09-30,0,0,FALTA INFO,9
KHCESP12MG,Colchón Colchoneta Matrimonial En Caja Espuma Memory Foam,INTL8JW1,Flor Coronel,100,2025-09-30,0,0,FALTA INFO,9
KHCESP12IG,Colchoneta Colchón Individual Caja 8cm Memory Foam Espuma,INTL8JW1,Flor Coronel,100,2025-09-30,0,0,FALTA INFO,9
78649-SZ,Armario Closet Moderno Espejo 3 Puertas Doble Vista 2cajones,INTL8JW1,Celia Russo,100,2025-09-30,0,0,FALTA INFO,9
71245-SZ,Ropero Con Espejo 8 Puertas 2 Cajones Internos Color IPE / Vaini,INTL8JW1,Celia Russo,100,2025-09-30,0,0,FALTA INFO,9
71240-SZ,Armario Closet Moderno Con Espejo 3 Puertas 2 Cajones Blanco,INTL8JW1,Celia Russo,100,2025-09-30,0,0,FALTA INFO,9
300466,Mueble Zapatero 5 Niveles Rack Organizador Zapatos Estante,INTL8JW1,Celia Russo,100,2025-09-30,0,0,FALTA INFO,9
300465,Mueble Zapatero 5 Niveles Rack Organizador Zapatos Estante,INTL8JW1,Celia Russo,100,2025-09-30,0,0,FALTA INFO,9
XMASTREE180P-NEV,,INTLJ71Z,Celia Russo,130,2025-10-30,0,0,15,10
XMASTREE210-NEV,,INTLJ71Z,Celia Russo,130,2025-10-30,0,0,19,10