purchase_order_id,purchase_order_date,supplier_code_id,sku,sku_name,brand,tracking_date,quantity,unit_price,status,date_of_arrival,ata,delivery_status
PO,"FECHA
PO",PROVEEDOR,ITEM,DESCRIPCIÓN,MARCA,Fecha carga tracking,QTY,PU,STATUS,"CEDIS 
APROXIMADA",FECHA CEDIS,STATUS ENTREGA
P07286,2025-05-30,INTLH5Q5,BUR-MAPLE3-MAD,Comoda buro con 2 puertas grande maple,Kingshouse,11/06/25,77,58,Tránsito,2025-08-06,2025-08-01,TBC
P07286,2025-05-30,INTLH5Q5,BUR-MAPLE1-MAD,Comoda buro con 2 puertas chico maple,Kingshouse,11/06/25,88,24,Tránsito,2025-08-06,2025-08-01,TBC
P07286,2025-05-30,INTLH5Q5,BUR-MAPLE2-MAD,Comoda buro con 2 puertas mediano maple,Kingshouse,2025-06-11,50,34,Tránsito,2025-08-06,2025-08-01,TBC
P07286,2025-05-30,INTLH5Q5,TABL-CLARA1-MAD,Mesa comoda con 1 puerta y 1 repisa mediana clara,Kingshouse,11/06/25,3,26,Tránsito,2025-08-06,2025-08-01,TBC
P07286,2025-05-30,INTLH5Q5,TABL-MONTAN3-MAD,Mesa comoda con bandeja desplegable y compartimientos mediana montana,Kingshouse,2025-06-11,100,30,Tránsito,2025-08-06,2025-08-01,TBC
P07286,2025-05-30,INTLH5Q5,TABL-MONTAN1-NEG,Mesa comoda para tv con 1 puerta y 2 cajones grande montana,Kingshouse,11/06/25,100,35,Tránsito,2025-08-06,2025-08-01,TBC
P07286,2025-05-30,INTLH5Q5,SHMTN1-NEG,Mueble Zapatero Con 3 Cajones Mediano Montana,Kingshouse,11/06/25,100,19,Tránsito,2025-08-06,2025-08-01,TBC
P07286,2025-05-30,INTLH5Q5,SH4-BLA,Mueble Zapatero Con 4 Cajones Mediano,Kingshouse,11/06/25,100,23,Tránsito,2025-08-06,2025-08-01,TBC
P07286,2025-05-30,INTLH5Q5,SHMTN2-MAD,Mueble Zapatero Con 3 Cajones Mediano Montana,Kingshouse,2025-06-11,100,21,Tránsito,2025-08-06,2025-08-01,TBC
P07286,2025-05-30,INTLH5Q5,SH3-BLA,Mueble Zapatero Con 3 Cajones Mediano,Kingshouse,2025-06-11,100,16,Tránsito,2025-08-06,2025-08-01,TBC
P07286,2025-05-30,INTLH5Q5,SHMTN3-MAD,Mueble Zapatero Banco Con 1 Compartimiento Chico Montana,Kingshouse,2025-06-11,100,16,Tránsito,2025-08-06,2025-08-01,TBC
P07286,2025-05-30,INTLH5Q5,SHMTN4-MAD,Mueble Zapatero Banco Con 2 Compartimientos Chico Montana,Kingshouse,11/06/25,100,19,Tránsito,2025-08-06,2025-08-01,TBC
P07204,2025-04-22,INTL8JW1,KINGDREAMER,Colchon en Caja Premium King 200x190 KingDreamer ColorDreams,ColorDreams,2025-04-22,297,89,Tránsito,2025-07-11,2025-07-17,TBC
P07205,2025-04-22,INTL8JW1,DREAMERONE,Colchon en Caja Básico Individual 100x190 DreamerOne ColorDreams,ColorDreams,22/04/25,792,31,Tránsito,2025-07-11,2025-07-15,TBC
P07206,2025-04-22,INTL8JW1,SINGLEDREAMER,Colchon en Caja Premium Individual 100x190 SingleDreamer ColorDreams,ColorDreams,2025-04-22,158,48,Tránsito,2025-07-11,2025-07-15,TBC
P07206,2025-04-22,INTL8JW1,QUEENDREAMER,Colchon Queen Size En Caja Memory 150x190x23 Cm Colordreams,ColorDreams,2025-04-22,270,68,Tránsito,2025-07-11,2025-07-15,TBC
P07206,2025-04-22,INTL8JW1,DREAMERTWO,Colchon en Caja Básico Matrimonial 135x190 DreamerTwo ColorDreams,ColorDreams,2025-04-22,12,42,Tránsito,2025-07-11,2025-07-15,TBC
P07206,2025-04-22,INTL8JW1,KHCESP12IB,Colchoneta Colchón Individual Caja 8cm Memory Foam Espuma,KingsHouse,2025-04-22,53,21,Tránsito,2025-07-11,2025-07-15,TBC
P07207,2025-04-22,INTL8JW1,DREAMERTWO,Colchon en Caja Básico Matrimonial 135x190 DreamerTwo ColorDreams,ColorDreams,22/04/25,520,42,Tránsito,2025-07-11,2025-07-17,TBC
P07207,2025-04-22,INTL8JW1,KHCESPMB,Colchon Matrimonial En Caja 15cm Alto KingsHouse,KingsHouse,2025-04-22,5,33,Tránsito,2025-07-11,2025-07-17,TBC
P07208,2025-04-22,INTL8JW1,KHCESPMB,Colchon Matrimonial En Caja 15cm Alto KingsHouse,KingsHouse,22/04/25,605,33,Tránsito,2025-07-11,2025-07-17,TBC
P07208,2025-04-22,INTL8JW1,KHCESP12SB,Colchón Colchoneta Individual En Caja 80x190 Espuma Memory,KingsHouse,2025-04-22,160,18,Tránsito,2025-07-11,2025-07-17,TBC
P07209,2025-04-22,INTL8JW1,KHCESP12SB,Colchón Colchoneta Individual En Caja 80x190 Espuma Memory,KingsHouse,22/04/25,190,18,Tránsito,2025-07-11,2025-07-17,TBC
P07209,2025-04-22,INTL8JW1,KHCESP12IB,Colchoneta Colchón Individual Caja 8cm Memory Foam Espuma,KingsHouse,2025-04-22,318,21,Tránsito,2025-07-11,2025-07-17,TBC
P07209,2025-04-22,INTL8JW1,KHCESP12MB,Colchón Colchoneta Matrimonial En Caja Espuma Memory Foam,KingsHouse,22/04/25,270,27,Tránsito,2025-07-11,2025-07-17,TBC
P07209,2025-04-22,INTL8JW1,CLOUDUO15,Colchon 12cm de espuma MATRIMONIAL ColorDreams,ColorDreams,2025-04-22,130,33,Tránsito,2025-07-11,2025-07-17,TBC
P07209,2025-04-22,INTL8JW1,SPRINGSINGLE16,Colchon 14cm resortes INDIVIDUAL ColorDreams,ColorDreams,22/04/25,104,26,Tránsito,2025-07-11,2025-07-17,TBC
P07210,2025-04-22,INTL8JW1,CP3DREAM100,Colchon plegable en 3 partes 100cm COLORDREAMS,ColorDreams,2025-04-22,250,23,Aduana,2025-07-07,2025-07-08,TBC
P07210,2025-04-22,INTL8JW1,CP3DREAM135,Colchon plegable en 3 partes 135cm COLORDREAMS,ColorDreams,22/04/25,350,30,Aduana,2025-07-07,2025-07-08,TBC
P07210,2025-04-22,INTL8JW1,BAMBYBASIC,Colchón Cuna – 70x100x7cm STANDAR BAMBYBASIC BAMBY,Bam-bee,2025-04-22,75,11,Aduana,2025-07-07,2025-07-08,TBC
P07210,2025-04-22,INTL8JW1,BAMBYDREAM20,Colchón de Cuna - 60x120x15cm SMALL BAMBYDREAM20 BAMBY,Bam-bee,2025-04-22,83,17,Aduana,2025-07-07,2025-07-08,TBC
P07210,2025-04-22,INTL8JW1,BAMBYDREAM30,Colchón Cuna - 70x130x15cm MEDIUM BAMBYDREAM30 BAMBY,Bam-bee,22/04/25,40,20,Aduana,2025-07-07,2025-07-08,TBC
P07210,2025-04-22,INTL8JW1,BAMBYDREAM40,Colchón Cuna - 80x140x15cm LARGE BAMBYDREAM40 BAMBY,Bam-bee,2025-04-22,30,23,Aduana,2025-07-07,2025-07-08,TBC
P07210,2025-04-22,INTL8JW1,BAMBYDREAM40X,Colchón Cuna - 95x140x15cm EXTRA LARGE BAMBYDREAM40X BAMBY,Bam-bee,2025-04-22,40,27,Aduana,2025-07-07,2025-07-08,TBC
P07210,2025-04-22,INTL8JW1,BAMBYGO,Colchón Cuna De Viaje - 68x95x6cm TRIP BAMBYGO BAMBY,Bam-bee,2025-04-22,150,10,Aduana,2025-07-07,2025-07-08,TBC
P07210,2025-04-22,INTL8JW1,BAMBYMOON20,Colchón Cuna - 60x120x10cm SMALL BAMBYMOON20 BAMBY,Bam-bee,2025-04-22,40,13,Aduana,2025-07-07,2025-07-08,TBC
P07210,2025-04-22,INTL8JW1,KHSOFABEDPLI,Sofa Cama Doble Sillon Plegable Individual Colchon,KingsHouse,2025-04-22,110,30,Aduana,2025-07-07,2025-07-08,TBC
P07210,2025-04-22,INTL8JW1,KHSOFABEDPLM,Sofa Cama Doble Sillon Plegable Matrimonial Colchon,KingsHouse,2025-04-22,212,40,Aduana,2025-07-07,2025-07-08,TBC
P07211,2025-04-22,INTL8JW1,COUPLEDREAMER,Colchon en Caja Premium Matrimonial 135x190 CoupleDreamer ColorDreams,ColorDreams,2025-04-22,240,62,Aduana,2025-07-07,2025-07-05,TBC
P07211,2025-04-22,INTL8JW1,KINGDREAMER,Colchon en Caja Premium King 200x190 KingDreamer ColorDreams,ColorDreams,2025-04-22,43,89,Aduana,2025-07-07,2025-07-05,TBC
P07211,2025-04-22,INTL8JW1,DREAMERONE,Colchon en Caja Básico Individual 100x190 DreamerOne ColorDreams,ColorDreams,2025-04-22,210,31,Aduana,2025-07-07,2025-07-05,TBC
P07211,2025-04-22,INTL8JW1,DREAMERTWO,Colchon en Caja Básico Matrimonial 135x190 DreamerTwo ColorDreams,ColorDreams,2025-04-22,8,42,Aduana,2025-07-07,2025-07-05,TBC
P07211,2025-04-22,INTL8JW1,KHCESP12IB,Colchoneta Colchón Individual Caja 8cm Memory Foam Espuma,KingsHouse,2025-04-22,29,21,Aduana,2025-07-07,2025-07-05,TBC
P07212,2025-04-22,INTL8JW1,DREAMERTWO,Colchon en Caja Básico Matrimonial 135x190 DreamerTwo ColorDreams,ColorDreams,2025-04-22,524,42,Aduana,2025-07-07,2025-07-08,TBC
P07213,2025-04-22,INTL8JW1,DREAMERONE,Colchon en Caja Básico Individual 100x190 DreamerOne ColorDreams,ColorDreams,2025-04-22,90,31,Aduana,2025-07-07,2025-07-08,TBC
P07213,2025-04-22,INTL8JW1,DREAMERTWO,Colchon en Caja Básico Matrimonial 135x190 DreamerTwo ColorDreams,ColorDreams,2025-04-22,408,42,Aduana,2025-07-07,2025-07-08,TBC
P07213,2025-04-22,INTL8JW1,KHCESPIB,Colchon Individual En Caja 15cm Alto KingsHouse,KingsHouse,2025-04-22,135,26,Aduana,2025-07-07,2025-07-08,TBC
P07214,2025-04-22,INTL8JW1,KHCESPIB,Colchon Individual En Caja 15cm Alto KingsHouse,KingsHouse,2025-04-22,525,26,Aduana,2025-07-07,2025-07-09,TBC
P07214,2025-04-22,INTL8JW1,KHCESPIG,Colchon Individual En Caja 15cm Alto KingsHouse,KingsHouse,2025-04-22,220,26,Aduana,2025-07-07,2025-07-09,TBC
P07214,2025-04-22,INTL8JW1,KHCESPMG,Colchon Matrimonial En Caja 15cm Alto KingsHouse,KingsHouse,2025-04-22,176,33,Aduana,2025-07-07,2025-07-09,TBC
P07214,2025-04-22,INTL8JW1,DREAMERTWO,Colchon en Caja Básico Matrimonial 135x190 DreamerTwo ColorDreams,ColorDreams,2025-04-22,5,42,Aduana,2025-07-07,2025-07-09,TBC
P07215,2025-04-22,INTL8JW1,KHCESPMG,Colchon Matrimonial En Caja 15cm Alto KingsHouse,KingsHouse,2025-04-22,376,33,Aduana,2025-07-07,2025-07-05,TBC
P07215,2025-04-22,INTL8JW1,TOPDREAM1I,Colchoneta Cubre Colchon Topper Memory Foam 5cm Individual,ColorDreams,2025-04-22,30,15,Aduana,2025-07-07,2025-07-05,TBC
P07215,2025-04-22,INTL8JW1,TOPDREAM2M,Colchoneta Cubre Colchon Topper 5cm Matrimonial,ColorDreams,2025-04-22,100,20,Aduana,2025-07-07,2025-07-05,TBC
P07215,2025-04-22,INTL8JW1,TOPDREAM4K,Colchoneta Cubre Colchon Topper 5cm King Size,ColorDreams,2025-04-22,60,27,Aduana,2025-07-07,2025-07-05,TBC
P07215,2025-04-22,INTL8JW1,KHSPRING1B,Colchon 16cm resortes Individual Blanco,KingsHouse,2025-04-22,260,26,Aduana,2025-07-07,2025-07-05,TBC
P07216,2025-04-22,INTL8JW1,KHSPRING1B,Colchon 16cm resortes Individual Blanco,KingsHouse,2025-04-22,110,26,Aduana,2025-07-07,2025-07-09,TBC
P07216,2025-04-22,INTL8JW1,KHSPRING2B,Colchon 16cm resortes Matrimonial Blanco,KingsHouse,2025-04-22,270,33,Aduana,2025-07-07,2025-07-09,TBC
P07216,2025-04-22,INTL8JW1,CP3DREAM80,Colchon plegable en 3 partes 80cm COLORDREAMS,ColorDreams,2025-04-22,470,20,Aduana,2025-07-07,2025-07-09,TBC
P07216,2025-04-22,INTL8JW1,CP3DREAM100,Colchon plegable en 3 partes 100cm COLORDREAMS,ColorDreams,2025-04-22,150,23,Aduana,2025-07-07,2025-07-09,TBC
P07216,2025-04-22,INTL8JW1,DREAMERTWO,Colchon en Caja Básico Matrimonial 135x190 DreamerTwo ColorDreams,ColorDreams,22/04/25,4,42,Aduana,2025-07-07,2025-07-09,TBC
P07217,2025-04-22,INTL8JW1,COUPLEDREAMER,Colchon en Caja Premium Matrimonial 135x190 CoupleDreamer ColorDreams,ColorDreams,22/04/25,400,62,Aduana,2025-07-07,2025-07-08,TBC
P07217,2025-04-22,INTL8JW1,KHCESPMB,Colchon Matrimonial En Caja 15cm Alto KingsHouse,KingsHouse,22/04/25,8,33,Aduana,2025-07-07,2025-07-08,TBC
P07217,2025-04-22,INTL8JW1,DREAMERTWO,Colchon en Caja Básico Matrimonial 135x190 DreamerTwo ColorDreams,ColorDreams,2025-04-22,32,42,Aduana,2025-07-07,2025-07-08,TBC
P07218,2025-04-22,INTL8JW1,COUPLEDREAMER,Colchon en Caja Premium Matrimonial 135x190 CoupleDreamer ColorDreams,ColorDreams,2025-04-22,400,62,Tránsito,2025-07-15,2025-07-20,TBC
P07218,2025-04-22,INTL8JW1,DREAMERTWO,Colchon en Caja Básico Matrimonial 135x190 DreamerTwo ColorDreams,ColorDreams,22/04/25,27,42,Tránsito,2025-07-15,2025-07-20,TBC
P07218,2025-04-22,INTL8JW1,KHCESPMG,Colchon Matrimonial En Caja 15cm Alto KingsHouse,KingsHouse,22/04/25,5,33,Tránsito,2025-07-15,2025-07-20,TBC
P07219,2025-04-22,INTL8JW1,DREAMERTWO,Colchon en Caja Básico Matrimonial 135x190 DreamerTwo ColorDreams,ColorDreams,22/04/25,524,42,Tránsito,2025-07-15,2025-07-20,TBC
P07220,2025-04-22,INTL8JW1,KHCESPIG,Colchon Individual En Caja 15cm Alto KingsHouse,KingsHouse,22/04/25,1009,26,Tránsito,2025-07-15,2025-07-20,TBC
P07221,2025-04-22,INTL8JW1,KHCESPMG,Colchon Matrimonial En Caja 15cm Alto KingsHouse,KingsHouse,22/04/25,672,33,Tránsito,2025-07-15,2025-07-20,TBC
P07180,2025-04-10,INTLFZWY,FOLTA-240,Mesa Plegable 240cm Portatil Portafolio Fiesta Jardin Hogar,KingsHouse,2025-04-10,308,18,tránsito,2025-08-02,2025-08-07,TBC
P07180,2025-04-10,INTLFZWY,FOLTA-180,Mesa Plegable 180cm Portatil Portafolio Fiesta Jardin Hogar,KingsHouse,2025-04-10,868,11,tránsito,2025-08-02,2025-08-07,TBC
P07181,2025-04-10,INTLCQNR,KINGSDSBRO5N1,Desbrozadora Gasolina 5 en 1 Accesorios 52cc 2.5HP Motor 2T,Kingsman,2025-04-10,498,59,Tránsito,2025-07-10,2025-07-15,TBC
P07181,2025-04-10,INTLCQNR,KIND5200,Desbrozadora Desmalezadora 52cc Motor 2 tiempos 2.5 HP + Carrete Hilo Amarillo KIND5200 Kingsman,Kingsman,2025-04-10,800,29,Tránsito,2025-07-10,2025-07-15,TBC
P07182,2025-04-10,INTL39N1,FLR30,Ventilador De Piso Industrial 30 Pulgadas Aluminio Kingsman,Kingsman,2025-04-10,80,39,tránsito,2025-08-02,2025-08-07,TBC
P07182,2025-04-10,INTL39N1,FVT30,Ventilador Pedestal Industrial 30 Pulgadas De Pie Kingsman,Kingsman,2025-04-10,170,33,tránsito,2025-08-02,2025-08-07,TBC
P07182,2025-04-10,INTL39N1,FWL26,Ventilador De Pared Industrial 26 Pulgadas Aluminio Kingsman,Kingsman,2025-04-10,120,26,tránsito,2025-08-02,2025-08-07,TBC
P07182,2025-04-10,INTL39N1,FWL30,Ventilador De Pared Industrial 30 Pulgadas Aluminio Kingsman,Kingsman,2025-04-10,150,28,tránsito,2025-08-02,2025-08-07,TBC
P07185,2025-04-10,INTL025T,KINGDIPLA400,Diablito Carga Plataforma Rueda Neumatica 400kg Diablo Acero,Kingsman,2025-04-10,1200,18,Tránsito,2025-07-12,2025-07-18,TBC
P07170,2025-03-31,INTLQRRN,DNG-SALVIA1-BEG,Juego De Comedor Mesa Con 4 Sillas Con Respaldo Salvia,Kingshouse,2025-03-31,336,54,Tránsito,2025-08-02,2025-08-07,TBC
P07171,2025-03-31,INTLH5Q5,TOLIX-CLASSIC1-NEM,Tolix Silla Modelo Clasico,Kingshouse,2025-03-31,1840,7,tránsito,2025-07-27,2025-08-01,TBC
P07171,2025-03-31,INTLH5Q5,TOLIX-CLASSIC1-ROJ,Tolix Silla Modelo Clasico,Kingshouse,2025-03-31,200,7,tránsito,2025-07-27,2025-08-01,TBC
P07172,2025-03-31,INTLRZHC,BAMBYFLEX,Autoasiento Para Carro Silla de Bebe Seguridad 9m A 11 Años,Bam-bee,Productos Almacenable,70,19,Aduana,2025-07-03,2025-07-10,TBC
P07172,2025-03-31,INTLRZHC,BAMBYFLEXG,Autoasiento Para Carro Silla de Bebe Seguridad 9m A 11 Años,Bam-bee,Productos Almacenable,240,19,Aduana,2025-07-03,2025-07-10,TBC
P07172,2025-03-31,INTLRZHC,BAMBYFLEX360,Autoasiento 360 Para Carro Con Sistema Seguridad Coche Bebes,Bam-bee,Productos Almacenable,260,36,Aduana,2025-07-03,2025-07-10,TBC
P07172,2025-03-31,INTLRZHC,BAMBYFLEX360G,Autoasiento 360 Para Carro Con Sistema Seguridad Coche Bebes,Bam-bee,Productos Almacenable,96,36,Aduana,2025-07-03,2025-07-10,TBC
P07172,2025-03-31,INTLRZHC,BAMBYBOOST,Asiento Elevador Coche Para Bebe Booster Carro Cojin Silla,Bam-bee,Productos Almacenable,400,4,Aduana,2025-07-03,2025-07-10,TBC
P07166,2025-03-27,INTLUQXH,RUMB30,Juego 3 Maletas De Viaje Rigidas Ruedas 360 Bolsas De Viaje,Rumbo,2025-03-27,70,28,Aduana,2025-07-07,2025-07-04,TBC
P07166,2025-03-27,INTLUQXH,RUM40,Juego 4 Maletas De Viaje Rigidas Ruedas 360 Bolsas De Viaje,Rumbo,2025-03-27,458,36,Aduana,2025-07-07,2025-07-04,TBC
P07166,2025-03-27,INTLUQXH,RUMB20,"Maleta Rígida ABS Rumbo 20""",Rumbo,2025-03-27,453,8,Aduana,2025-07-07,2025-07-04,TBC
P07166,2025-03-27,INTLUQXH,RUM40,Juego 4 Maletas De Viaje Rigidas Ruedas 360 Bolsas De Viaje,Rumbo,2025-03-27,180,36,Aduana,2025-07-07,2025-07-04,TBC
P07166,2025-03-27,INTLUQXH,RUMG20,"Maleta Rígida ABS Rumbo 20""",Rumbo,2025-03-27,502,8,Aduana,2025-07-07,2025-07-04,TBC
P07150,2025-03-21,INTLXQW6,KMEM27,Escalera Multiposiciones De Aluminio 2.7 Metros 8 Peldaños,Kingsman,2025-03-20,328,23,Tránsito,2025-07-27,2025-08-01,TBC
P07150,2025-03-21,INTLXQW6,KMEM35,Escalera Multiposiciones De Aluminio 3.5 Metros 12 Peldaños,Kingsman,20/03/2025,1580,27,Tránsito,2025-07-27,2025-08-01,TBC
P07151,2025-03-21,INTL2VQ1,KMPL2T,Pluma hidraulica 2 toneladas KINGSMAN,Kingsman,20/03/2025,320,69,Aduana,2025-07-11,2025-07-11,TBC
P07149,2025-03-20,INTLZ708,HIDROKING2000,Hidrolavadora Eléctrica Portatil 2000 Psi 1600w + Accesorios,Kingsman,2025-03-20,290,33,Aduana,2025-07-06,2025-07-11,TBC
P07149,2025-03-20,INTLZ708,HIDROKING2200RC,Hidrolavadora 2000 W HIDROKING2200RC Kingsman,Kingsman,2025-03-20,320,39,Aduana,2025-07-06,2025-07-11,TBC
P07149,2025-03-20,INTLZ708,KING1000,Generador Portatil A Gasolina 110v 2.9Hp Corriente Electrica,Kingsman,2025-03-20,580,66,Aduana,2025-07-06,2025-07-11,TBC
P07145,2025-03-17,INTLZKCM,CENEVO1,Caminadora Electrica Portatil Nevo 1 HP,Neon,2025-03-17,800,59,Aduana,2025-07-06,2025-07-04,TBC
P07145,2025-03-17,INTLZKCM,CENEVO4,Caminadora Electrica Portatil Plegable Nevo 1.3 HP,Neon,2025-03-17,310,65,Aduana,2025-07-06,2025-07-04,TBC
P07145,2025-03-17,INTLZKCM,CENUVA5,Caminadora Electrica Monitor Nuva 2 HP,Neon,2025-03-17,105,85,Aduana,2025-07-06,2025-07-04,TBC
P07146,2025-03-17,INTL1WAF,BIFISPIN-1,Bicicleta Fija Spinning,Neon,2025-03-18,279,25,Aduana,2025-07-07,2025-07-11,TBC
P07146,2025-03-17,INTL1WAF,BIFISPIN-6,Bicicleta Fija Spinning 6 kg,Neon,2025-03-18,150,38,Aduana,2025-07-07,2025-07-11,TBC
P07146,2025-03-17,INTL1WAF,PRESSBE-5,Banco Plegable para Pesas con Accesorios,Neon,2025-03-18,400,24,Aduana,2025-07-07,2025-07-11,TBC
P07146,2025-03-17,INTL1WAF,PRESSBE-7,Banco para Abdominales con accesorios,Neon,2025-03-18,150,22,Aduana,2025-07-07,2025-07-11,TBC
P07147,2025-03-17,INTLO1JC,BIFIPRO-13,Bicicleta Fija Spinning Pro 13 kg,Neón,18/03/2025,250,52,Tránsito,2025-07-11,2025-07-16,TBC
P07147,2025-03-17,INTLO1JC,BIFIPRO-15,Bicicleta Fija Spinning Pro 15kg,Neón,2025-03-18,120,64,Tránsito,2025-07-11,2025-07-16,TBC
P07147,2025-03-17,INTLO1JC,BIFIPRO-18,Bicicleta Fija Spinning Pro 18 kg,Neón,18/03/2025,390,67,Tránsito,2025-07-11,2025-07-16,TBC
P07147,2025-03-17,INTLO1JC,BIFIPRO-8,Bicicleta Fija Spinning Pro 8 kg,Neón,18/03/2025,366,45,Tránsito,2025-07-11,2025-07-16,TBC
P07148,2025-03-17,INTLGM22,EX-1B,Bicicleta Eléctrica Con Canastilla Delantera Bocina Luz y Señales Intermitentes,Neón,3/4/25,230,155,Tránsito,2025-08-06,2025-08-01,TBC
P07148,2025-03-17,INTLGM22,EX-1BNW,Bicicleta Eléctrica Con Canastilla Delantera Bocina Luz y Señales Intermitentes,Neón,2025-04-03,134,155,Tránsito,2025-07-27,2025-08-01,TBC
P07148,2025-03-17,INTLGM22,VINTA-B,Bicicleta Urbana Con Canastilla VINTA R26 Neon,Neón,2025-04-03,120,35,Tránsito,2025-07-27,2025-08-01,TBC
P07148,2025-03-17,INTLGM22,VINTA-L,Bicicleta Urbana Con Canastilla VINTA R26 Neon,Neón,2025-04-03,150,35,Tránsito,2025-07-27,2025-08-01,TBC
P07148,2025-03-17,INTLGM22,VINTA-M,Bicicleta Urbana Con Canastilla VINTA R26 Neon,Neón,2025-04-03,160,35,Tránsito,2025-07-27,2025-08-01,TBC
P07148,2025-03-17,INTLGM22,VINTA-N,Bicicleta Urbana Con Canastilla VINTA R26 Neon,Neón,2025-04-03,150,35,Tránsito,2025-07-27,2025-08-01,TBC
P07148,2025-03-17,INTLGM22,VINTA-R,Bicicleta Urbana Con Canastilla VINTA R26 Neon,Neón,2025-04-03,300,35,Tránsito,2025-07-27,2025-08-01,TBC
P07148,2025-03-17,INTLGM22,XTRAIL-1BL,Bicicleta De Montaña R26 Freno Disco Shimano 21 Velocidades,Neón,2025-04-03,210,42,Tránsito,2025-07-27,2025-08-01,TBC
P07148,2025-03-17,INTLGM22,XTRAIL-1W,Bicicleta De Montaña R26 Freno Disco Shimano 21 Velocidades,Neón,2025-04-03,180,42,Tránsito,2025-07-27,2025-08-01,TBC
P07148,2025-03-17,INTLGM22,XTRAIL-3B,Bicicleta De Montaña R26 Freno Disco Shimano 21 Vel Aluminio,Neón,2025-04-03,230,49,Tránsito,2025-07-27,2025-08-01,TBC
P07148,2025-03-17,INTLGM22,XTRAIL-2OR,Bicicleta De Montaña Rodada 29 Frenos 21V Aluminio,Neón,2025-04-03,120,51,Tránsito,2025-07-27,2025-08-01,TBC
P07112,2025-02-24,INTL8JW1,KHCESPMG,Colchon Matrimonial En Caja 15cm Alto KingsHouse,KingsHouse,2025-02-24,164,33,Aduana,2025-07-03,2025-07-10,TBC
P07112,2025-02-24,INTL8JW1,TOPDREAM1I,Colchoneta Cubre Colchon Topper Memory Foam 5cm Individual,ColorDreams,2025-02-24,55,15,Aduana,2025-07-03,2025-07-10,TBC
P07112,2025-02-24,INTL8JW1,TOPDREAM2M,Colchoneta Cubre Colchon Topper 5cm Matrimonial,ColorDreams,2025-02-24,110,20,Aduana,2025-07-03,2025-07-10,TBC
P07112,2025-02-24,INTL8JW1,TOPDREAM4K,Colchoneta Cubre Colchon Topper 5cm King Size,ColorDreams,2025-02-24,50,27,Aduana,2025-07-03,2025-07-10,TBC
P07112,2025-02-24,INTL8JW1,KHSPRING1B,Colchon 16cm resortes Individual Blanco,KingsHouse,2025-02-24,229,26,Aduana,2025-07-03,2025-07-10,TBC
P07112,2025-02-24,INTL8JW1,KHSPRING2B,Colchon 16cm resortes Matrimonial Blanco,KingsHouse,2025-02-24,55,33,Aduana,2025-07-03,2025-07-10,TBC
P07112,2025-02-24,INTL8JW1,CP3DREAM80,Colchon plegable en 3 partes 80cm COLORDREAMS,ColorDreams,2025-02-24,230,20,Aduana,2025-07-03,2025-07-10,TBC
P07112,2025-02-24,INTL8JW1,CP3DREAM135,Colchon plegable en 3 partes 135cm COLORDREAMS,ColorDreams,2025-02-24,130,30,Aduana,2025-07-03,2025-07-10,TBC
P07113,2025-02-24,INTL8JW1,CP3DREAM80,Colchon plegable en 3 partes 80cm COLORDREAMS,ColorDreams,2025-02-24,170,20,Aduana,2025-07-03,2025-07-10,TBC
P07113,2025-02-24,INTL8JW1,CP3DREAM100,Colchon plegable en 3 partes 100cm COLORDREAMS,ColorDreams,2025-02-24,190,23,Aduana,2025-07-03,2025-07-10,TBC
P07113,2025-02-24,INTL8JW1,BAMBYBASIC,Colchón Cuna – 70x100x7cm STANDAR BAMBYBASIC BAMBY,Bam-bee,2025-02-24,80,11,Aduana,2025-07-03,2025-07-10,TBC
P07113,2025-02-24,INTL8JW1,BAMBYDREAM40,Colchón Cuna - 80x140x15cm LARGE BAMBYDREAM40 BAMBY,Bam-bee,2025-02-24,30,23,Aduana,2025-07-03,2025-07-10,TBC
P07113,2025-02-24,INTL8JW1,BAMBYDREAM40X,Colchón Cuna - 95x140x15cm EXTRA LARGE BAMBYDREAM40X BAMBY,Bam-bee,2025-02-24,30,27,Aduana,2025-07-03,2025-07-10,TBC
P07113,2025-02-24,INTL8JW1,BAMBYGO,Colchón Cuna De Viaje - 68x95x6cm TRIP BAMBYGO BAMBY,Bam-bee,2025-02-24,130,10,Aduana,2025-07-03,2025-07-10,TBC
P07113,2025-02-24,INTL8JW1,KHCESP12SB,Colchón Colchoneta Individual En Caja 80x190 Espuma Memory,KingsHouse,24/02/2025,260,18,Aduana,2025-07-03,2025-07-10,TBC
P07113,2025-02-24,INTL8JW1,KHCESP12MB,Colchón Colchoneta Matrimonial En Caja Espuma Memory Foam,KingsHouse,2025-02-24,220,27,Aduana,2025-07-03,2025-07-10,TBC
P07113,2025-02-24,INTL8JW1,KHSOFABEDPLI,Sofa Cama Doble Sillon Plegable Individual Colchon,KingsHouse,24/02/2025,120,30,Aduana,2025-07-03,2025-07-10,TBC
P07113,2025-02-24,INTL8JW1,KHSOFABEDPLM,Sofa Cama Doble Sillon Plegable Matrimonial Colchon,KingsHouse,2025-02-24,130,40,Aduana,2025-07-03,2025-07-10,TBC
P07293 (P07104),2025-02-21,INTLUQXH,RUM30,Juego 3 Maletas De Viaje Rigidas Ruedas 360 Bolsas De Viaje,Rumbo,2025-02-21,1093,28,Aduana,2025-07-03,2025-07-10,TBC
P07293 (P07104),2025-02-21,INTLUQXH,RUMG40,Juego 4 Maletas De Viaje Rigidas Ruedas 360 Bolsas De Viaje,Rumbo,2025-02-21,167,36,Aduana,2025-07-03,2025-07-10,TBC
P07094,2025-02-19,INTLQRRN,DNG-SALVIA1-BEM,Juego De Comedor Mesa Con 4 Sillas Con Respaldo Salvia,Kingshouse,19/02/2025,336,54,Tránsito,2025-07-25,2025-07-30,TBC
P07096,2025-02-19,INTLGM22,XTRAIL-2LBL,Bicicleta De Montaña Rodada 29 Frenos Shimano 21V Aluminio,Neón,2025-02-19,200,51,Tránsito,2025-07-13,2025-07-18,TBC
P07096,2025-02-19,INTLGM22,XTRAIL-3Y,Bicicleta De Montaña R26 Freno Disco Shimano 21 Vel Aluminio,Neón,19/02/2025,150,49,Tránsito,2025-07-13,2025-07-18,TBC
P07096,2025-02-19,INTLGM22,XTRAIL-3R,Bicicleta De Montaña R26 Freno Disco Shimano 21 Vel Aluminio,Neón,2025-02-19,150,49,Tránsito,2025-07-13,2025-07-18,TBC
P07096,2025-02-19,INTLGM22,XTRAIL-1B,Bicicleta De Montaña R26 Freno Disco Shimano 21 Velocidades,Neón,2025-02-19,230,42,Tránsito,2025-07-13,2025-07-18,TBC
P07091,2025-02-18,INTL9APC,KMCF43N,Caja Fuerte Digital Kingsman Color Negro 20x43x35 Seguridad,Kingsman,18/02/2025,442,20,STAND BY,2025-07-18,2025-07-18,
P07091,2025-02-18,INTL9APC,KMCF35N,Caja Fuerte Digital Kingsman Color Negro 25x35x25 Seguridad,Kingsman,2025-02-18,356,15,STAND BY,2025-07-18,2025-07-18,
P07091,2025-02-18,INTL9APC,KMCF35NR,Caja Fuerte De Seguridad Digital Grande Con Ranura,Kingsman,18/02/2025,184,15,STAND BY,2025-07-18,2025-07-18,
P07091,2025-02-18,INTL9APC,KMBCF31G,Caja Fuerte Biometrica Pequeña Digital Huella De Seguridad,Kingsman,18/02/2025,184,20,STAND BY,2025-07-18,2025-07-18,
P07091,2025-02-18,INTL9APC,KMBCF35G,Caja fuerte Biometrica Mediana Digital Huella De Seguridad,Kingsman,2025-02-18,136,23,STAND BY,2025-07-18,2025-07-18,
P07091,2025-02-18,INTL9APC,KMBCF38G,Caja Fuerte Biometrica Grande Digital Huella De Seguridad,Kingsman,18/02/2025,163,30,STAND BY,2025-07-18,2025-07-18,
P07091,2025-02-18,INTL9APC,KMBCF50G,Caja Fuerte Biometrica Super Grande Huella De Seguridad,Kingsman,18/02/2025,294,39,STAND BY,2025-07-18,2025-07-18,
P07092,2025-02-18,INTLXQW6,KMEM27,Escalera Multiposiciones De Aluminio 2.7 Metros 8 Peldaños,Kingsman,2025-02-18,243,23,Aduana,2025-07-06,2025-07-12,TBC
P07092,2025-02-18,INTLXQW6,KMEM35,Escalera Multiposiciones De Aluminio 3.5 Metros 12 Peldaños,Kingsman,18/02/2025,1456,27,Aduana,2025-07-06,2025-07-12,TBC
P07092,2025-02-18,INTLXQW6,KMEM45,Escalera Multiposiciones De Aluminio 4.5 Metros 16 Peldaños,Kingsman,2025-02-18,134,32,Aduana,2025-07-06,2025-07-12,TBC
P07088,2025-02-17,INTL4ZFZ,EOVOLT11,Horno eléctrico de mesa 11 litros,Voltio,17/02/2025,1500,10,Aduana,2025-07-07,2025-07-15,TBC
P07088,2025-02-17,INTL4ZFZ,EOVOLT24,Horno eléctrico de mesa 24 litros,Voltio,2025-02-17,550,18,Aduana,2025-07-07,2025-07-15,TBC
P07343 (P07074),2025-02-05,INTLO1JC,BIFIPRO-8,Bicicleta Fija Spinning Pro 8 kg,Neon,,616,45,Aduana,2025-07-03,2025-07-03,TBC
P07235 (P07074),2025-02-05,INTLO1JC,CENEOX2,Caminadora Electrica Plegable Neox 2 HP,Neón,,1500,86,Aduana,2025-07-06,2025-07-10,TBC
P07235 (P07074),2025-02-05,INTLO1JC,BIFIPRO-13,Bicicleta Fija Spinning Pro 13 kg,Neón,,290,52,Aduana,2025-07-06,2025-07-10,TBC
P07235 (P07074),2025-02-05,INTLO1JC,CENEOX3,Caminadora Electrica Plegable con Baranda Neox 2 HP,Neón,,46,99,Aduana,2025-07-06,2025-07-10,TBC
P07235 (P07074),2025-02-05,INTLO1JC,BIFIPRO-8,Bicicleta Fija Spinning Pro 8 kg,Neón,,355,45,Aduana,2025-07-06,2025-07-10,TBC
P07050,2025-01-22,INTL6EJ4,COOKTRA10-NEG,Bateria de Cocina Tradicional 10 Piezas,KingsHouse,2025-01-22,300,11,Producción,2025-09-23,2025-09-23,
P07050,2025-01-22,INTL6EJ4,COOKTRA10-ROJ,Bateria de Cocina Tradicional 10 Piezas,KingsHouse,2025-01-22,300,11,Producción,2025-09-23,2025-09-23,
P07050,2025-01-22,INTL6EJ4,COOKGRA10-MAR,Bateria De Cocina Granito 10 Piezas,KingsHouse,22/1/2025,376,11,Producción,2025-09-23,2025-09-23,
P07050,2025-01-22,INTL6EJ4,COOKGRA10-ROJ,Bateria De Cocina Granito 10 Piezas,KingsHouse,2025-01-22,376,11,Producción,2025-09-23,2025-09-23,
P07050,2025-01-22,INTL6EJ4,COOKGRA10-NEG,Bateria De Cocina Granito 10 Piezas,KingsHouse,2025-01-22,376,11,Producción,2025-09-23,2025-09-23,
P07050,2025-01-22,INTL6EJ4,COOKSUP10-NEG,Bateria De Cocina Supreme 10 Piezas,KingsHouse,2025-01-22,380,11,Producción,2025-09-23,2025-09-23,
P07050,2025-01-22,INTL6EJ4,COOKSUP10-ROJ,Bateria De Cocina Supreme 10 Piezas,KingsHouse,2025-01-22,380,11,Producción,2025-09-23,2025-09-23,
P07050,2025-01-22,INTL6EJ4,COOKSUP10-MUL,Bateria De Cocina Supreme 10 Piezas,KingsHouse,2025-01-22,380,11,Producción,2025-09-23,2025-09-23,
P07050,2025-01-22,INTL6EJ4,COOKDOM16-NEG,Bateria De Cocina Domestica 16 Piezas,KingsHouse,2025-01-22,700,12,Producción,2025-09-23,2025-09-23,
P07050,2025-01-22,INTL6EJ4,COOKDOM16-ROJ,Bateria De Cocina Domestica 16 Piezas,KingsHouse,2025-01-22,700,12,Producción,2025-09-23,2025-09-23,
P07046,2025-01-21,INTLBRBMOZ,DESK-GMG-NEG,Escritorio De Madera Gamer,Kingshouse,2025-01-21,230,22,Tránsito,2025-07-17,2025-07-17,
P07046,2025-01-21,INTLBRBMOZ,SH18-NEG,Mueble Zapatero MDP Para 18 Pares,Kingshouse,2025-01-21,50,23,Tránsito,2025-07-17,2025-07-17,
P07046,2025-01-21,INTLBRBMOZ,SH18-BLA,Mueble Zapatero MDP Para 18 Pares,Kingshouse,2025-01-21,400,23,Tránsito,2025-07-17,2025-07-17,
P07046,2025-01-21,INTLBRBMOZ,SH18-MAD,Mueble Zapatero MDP Para 18 Pares,Kingshouse,2025-01-21,330,23,Tránsito,2025-07-17,2025-07-17,
P07020,2025-01-15,INTL8AEL,LIVGREEN4-NEG,Sala Para Exterior 4 Piezas Greenhouse,KingsHouse,2025-01-15,300,54,Aduana,2025-07-03,2025-07-03,
P07020,2025-01-15,INTL8AEL,GDSGREEN6-GRI,Juego De Jardin Exterior 6 Piezas Greenhouse,KingsHouse,2025-01-15,170,51,Aduana,2025-07-03,2025-07-03,
P07025,2025-01-15,INTL8AEL,DNGVITA6-BEI#BOX1,Juego De Comedor Vita Mesa Con 6 Sillas Caja 1,Kingshouse,2025-01-15,100,27,Tránsito,2025-07-27,2025-07-27,
P07025,2025-01-15,INTL8AEL,DNGVITA6-BEI#BOX2,Juego De Comedor Vita Mesa Con 6 Sillas Caja 2,Kingshouse,2025-01-15,100,27,Tránsito,2025-07-27,2025-07-27,
P07025,2025-01-15,INTL8AEL,DNGVITA6-BEI#BOX3,Juego De Comedor Vita Mesa Con 6 Sillas Caja 3,Kingshouse,2025-01-15,100,27,Tránsito,2025-07-27,2025-07-27,
P07025,2025-01-15,INTL8AEL,DNGVITA6-VER#BOX1,Juego De Comedor Vita Mesa Con 6 Sillas Caja 1,Kingshouse,2025-01-15,100,27,Tránsito,2025-07-27,2025-07-27,
P07025,2025-01-15,INTL8AEL,DNGVITA6-VER#BOX2,Juego De Comedor Vita Mesa Con 6 Sillas Caja 2,Kingshouse,2025-01-15,100,27,Tránsito,2025-07-27,2025-07-27,
P07025,2025-01-15,INTL8AEL,DNGVITA6-VER#BOX3,Juego De Comedor Vita Mesa Con 6 Sillas Caja 3,Kingshouse,2025-01-15,100,27,Tránsito,2025-07-27,2025-07-27,
P07026,2025-01-15,INTLQSHQ,OPAL12SQ-BLA,Vajilla Opal Cuadrada 12 Piezas,KingsHouse,,3220,4,Aduana,2025-07-03,2025-07-03,
P07026,2025-01-15,INTLQSHQ,OPAL31-BLA,Vajilla Opal Redonda 31 Piezas,KingsHouse,,900,12,Aduana,2025-07-03,2025-07-03,
P07026,2025-01-15,INTLQSHQ,OPAL12-BLA,Vajilla Opal Redonda 12 Piezas,KingsHouse,,1852,4,Aduana,2025-07-03,2025-07-03,
P07026,2025-01-15,INTLQSHQ,OPAL16-BLA,Vajilla Opal Redonda 16 Piezas,KingsHouse,,902,5,Aduana,2025-07-03,2025-07-03,
P07026,2025-01-15,INTLQSHQ,OPAL16SQ-BLA,Vajilla Opal Cuadrada 16 Piezas,KingsHouse,,902,6,Aduana,2025-07-03,2025-07-03,
P07026,2025-01-15,INTLQSHQ,OPAL25-BLA,Vajilla Opal Redonda 25 Piezas,KingsHouse,,360,9,Aduana,2025-07-03,2025-07-03,
P06804,2024-10-04,INTLH5Q5,BUR-MAPLE3-MAD,Comoda buro con 2 puertas grande maple,Kingshouse,2024-10-04,73,58,Tránsito,2025-07-22,2025-07-22,
P06804,2024-10-04,INTLH5Q5,BUR-MAPLE1-MAD,Comoda buro con 2 puertas chico maple,Kingshouse,2024-10-04,62,24,Tránsito,2025-07-22,2025-07-22,
P06804,2024-10-04,INTLH5Q5,BUR-MAPLE2-MAD,Comoda buro con 2 puertas mediano maple,Kingshouse,2024-10-04,100,34,Tránsito,2025-07-22,2025-07-22,
P06804,2024-10-04,INTLH5Q5,TABL-CLARA3L-MAD,Mesa comoda para tv con 2 Puertas y 2 repisas grande clara,Kingshouse,2024-10-04,100,23,Tránsito,2025-07-22,2025-07-22,
P06804,2024-10-04,INTLH5Q5,BUR-CLARA2-MAD,Comoda buro con 2 puertas mediano clara,Kingshouse,2024-10-04,100,24,Tránsito,2025-07-22,2025-07-22,
P06804,2024-10-04,INTLH5Q5,TABL-CLARA1-MAD,Mesa comoda con 1 puerta y 1 repisa mediana clara,Kingshouse,2024-10-04,97,26,Tránsito,2025-07-22,2025-07-22,
P06804,2024-10-04,INTLH5Q5,BUR-CLARA1-MAD,Comoda buro con 2 puertas chico clara,Kingshouse,2024-10-04,100,16,Tránsito,2025-07-22,2025-07-22,
P06804,2024-10-04,INTLH5Q5,TABL-CLARA2R-MAD,Mesa comoda recibidor con 2 puertas mediana clara,Kingshouse,2024-10-04,100,26,Tránsito,2025-07-22,2025-07-22,
P06804,2024-10-04,INTLH5Q5,BUR-CLARA3-MAD,Comoda buro con 3 puertas grande clara,Kingshouse,2024-10-04,100,29,Tránsito,2025-07-22,2025-07-22,
P06804,2024-10-04,INTLH5Q5,TABL-BASIC-BLA,Mesa comoda para cocina chica basic,Kingshouse,2024-10-04,204,4,Tránsito,2025-07-22,2025-07-22,
P06804,2024-10-04,INTLH5Q5,TABL-BASIC-NEG,Mesa comoda para cocina chica basic,Kingshouse,2024-10-04,204,4,Tránsito,2025-07-22,2025-07-22,
P06804,2024-10-04,INTLH5Q5,TABL-BASIC-MAD,Mesa comoda para cocina chica basic,Kingshouse,2024-10-04,204,4,Tránsito,2025-07-22,2025-07-22,
P06804,2024-10-04,INTLH5Q5,TABL-COFFE1-MAD,Mesa comoda con bandeja desplegable y compartimientos mediana,Kingshouse,2024-10-04,100,21,Tránsito,2025-07-22,2025-07-22,
P06804,2024-10-04,INTLH5Q5,TABL-MONTAN2-MAD,Mesa comoda para tv con 2 cajones y 3 repisas grande montana,Kingshouse,2024-10-04,100,24,Tránsito,2025-07-22,2025-07-22,
P05947,2024-04-22,INTLOKQR,CP3DREAM135,[CP3DREAM135] Colchon plegable en 3 partes 135cm COLORDREAMS,ColorDreams,,1152,30,ETERNITY SABINO,2024-09-03,03709/24,2024-09-09
P05907,2024-04-17,INTLOA4B,VOLTFRI50,[VOLTFRI50] Frigobar 50 Litros 127V Puerta Reversible Voltio,Voltio,2024-04-17,384,46,Producción,2025-07-02,2025-07-02,
P05907,2024-04-17,INTLOA4B,VOLTFRI90,[VOLTFRI90] Frigobar 90 Litros VOLTFRI90 Voltio,Voltio,2024-04-17,288,64,Producción,2025-07-02,2025-07-02,